"","Provenance","X","TestSite","budbreak_mean_days","flowering_mean_days","year","CountyAndState","prov_lat_N","prov_long_W","Elevation_ft","comments","test_lat_N","test_long_W","NumberOfProvenances","budbreak_JD","flowering_JD","BudSet_1978_Mean","LeafFall_1978_Mean","ID2","Latitude","Longitude","Elevation","Tmax_wt","Tmax_sp","Tmax_sm","Tmax_at","Tmin_wt","Tmin_sp","Tmin_sm","Tmin_at","Tave_wt","Tave_sp","Tave_sm","Tave_at","PPT_wt","PPT_sp","PPT_sm","PPT_at","Rad_wt","Rad_sp","Rad_sm","Rad_at","DD_0_wt","DD_0_sp","DD_0_sm","DD_0_at","DD5_wt","DD5_sp","DD5_sm","DD5_at","DD_18_wt","DD_18_sp","DD_18_sm","DD_18_at","DD18_wt","DD18_sp","DD18_sm","DD18_at","NFFD_wt","NFFD_sp","NFFD_sm","NFFD_at","PAS_wt","PAS_sp","PAS_sm","PAS_at","Eref_wt","Eref_sp","Eref_sm","Eref_at","CMD_wt","CMD_sp","CMD_sm","CMD_at","RH_wt","RH_sp","RH_sm","RH_at","CMI_wt","CMI_sp","CMI_sm","CMI_at","MAT","MWMT","MCMT","TD","MAP","MSP","AHM","SHM","DD_0","DD5","DD_18","DD18","NFFD","bFFP","eFFP","FFP","PAS","EMT","EXT","MAR","Eref","CMD","RH","CMI","DD1040","daylength_diff"
"1","AL-1",1,"CR",101.4,136.3,1979,"Lee, AL",32.66666667,85.5,750,"",39.666667,80,33,"4/11/1979","5/16/1979",NA,NA,"Lee_AL",32.66666667,-85.5,228.6,15,24.1,32.3,24.7,2.8,10.3,19.7,11.3,8.9,17.2,26,18,372,376,343,222,-9999,-9999,-9999,-9999,20,2,0,1,422,1127,1930,1185,817,248,4,239,7,170,741,233,35,92,92,89,1,0,0,0,159,395,522,292,47,81,179,88,61,59,64,60,21.14,6.44,-11.59,-9.77,17.5,26.4,8.6,17.8,1312,517,21,51.1,22,4663,1308,1150,308,80,317,237,1,-17.2,39.8,-9999,1369,395,61,6.22,2920,4.30304924641313
"2","AL-1",33,"RD",91.2,134,1979,"Lee, AL",32.66666667,85.5,750,"",39.5,79.83333,32,"4/1/1979","5/14/1979",1978-10-21,1978-10-26,"Lee_AL",32.66666667,-85.5,228.6,15,24.1,32.3,24.7,2.8,10.3,19.7,11.3,8.9,17.2,26,18,372,376,343,222,-9999,-9999,-9999,-9999,20,2,0,1,422,1127,1930,1185,817,248,4,239,7,170,741,233,35,92,92,89,1,0,0,0,159,395,522,292,47,81,179,88,61,59,64,60,21.14,6.44,-11.59,-9.77,17.5,26.4,8.6,17.8,1312,517,21,51.1,22,4663,1308,1150,308,80,317,237,1,-17.2,39.8,-9999,1369,395,61,6.22,2920,4.30304924641313
"3","AL-2",2,"CR",102.4,138,1979,"Colbert, AL",34.5,87.66666667,700,"",39.666667,80,33,"4/12/1979","5/18/1979",NA,NA,"Colbert_AL",34.5,-87.66666667,213.36,12.3,22.5,32.4,23.7,0.4,8.8,19.1,9.3,6.4,15.6,25.7,16.5,406,348,286,243,-9999,-9999,-9999,-9999,39,3,0,2,257,992,1903,1060,1046,343,5,322,1,126,714,189,15,80,92,73,3,0,0,0,133,369,526,281,39,76,240,82,61,59,62,57,29.57,6.29,-18.42,-7.17,16.1,26.4,5.7,20.7,1282,459,20.3,57.4,45,4211,1715,1030,259,99,303,204,4,-20.3,40.9,-9999,1309,437,60,10.26,2616,4.62201909360467
"4","AL-2",34,"RD",91,134.3,1979,"Colbert, AL",34.5,87.66666667,700,"",39.5,79.83333,32,"4/1/1979","5/14/1979",1978-10-26,1978-10-28,"Colbert_AL",34.5,-87.66666667,213.36,12.3,22.5,32.4,23.7,0.4,8.8,19.1,9.3,6.4,15.6,25.7,16.5,406,348,286,243,-9999,-9999,-9999,-9999,39,3,0,2,257,992,1903,1060,1046,343,5,322,1,126,714,189,15,80,92,73,3,0,0,0,133,369,526,281,39,76,240,82,61,59,62,57,29.57,6.29,-18.42,-7.17,16.1,26.4,5.7,20.7,1282,459,20.3,57.4,45,4211,1715,1030,259,99,303,204,4,-20.3,40.9,-9999,1309,437,60,10.26,2616,4.62201909360467
"5","CA-1",35,"RD",91.7,134,1979,"Ontario, Canada",45.58333333,78.58333333,1400,"",39.5,79.83333,32,"4/1/1979","5/14/1979",1978-08-26,1978-10-09,"Ontario_Canada",45.58333333,-78.58333333,426.72,-5.1,9.1,23.8,11.3,-17,-4.1,9.8,0.5,-11,2.5,16.8,5.9,186,185,232,246,-9999,-9999,-9999,-9999,997,220,0,86,4,209,1086,312,2603,1422,190,1108,0,7,78,7,0,18,92,31,182,74,0,36,0,169,388,114,0,42,157,0,51,54,58,64,18.6,9.08,-7.63,12.99,3.5,18,-12.2,30.2,849,393,15.9,45.8,1304,1611,5323,92,142,149,262,114,293,-39.9,35.8,-9999,671,199,57,33.04,781,7.00261335082486
"6","CA-1",3,"CR",95.1,134.6,1979,"Ontario, Canada",45.58333333,78.58333333,1400,"",39.666667,80,33,"4/5/1979","5/14/1979",NA,NA,"Ontario_Canada",45.58333333,-78.58333333,426.72,-5.1,9.1,23.8,11.3,-17,-4.1,9.8,0.5,-11,2.5,16.8,5.9,186,185,232,246,-9999,-9999,-9999,-9999,997,220,0,86,4,209,1086,312,2603,1422,190,1108,0,7,78,7,0,18,92,31,182,74,0,36,0,169,388,114,0,42,157,0,51,54,58,64,18.6,9.08,-7.63,12.99,3.5,18,-12.2,30.2,849,393,15.9,45.8,1304,1611,5323,92,142,149,262,114,293,-39.9,35.8,-9999,671,199,57,33.04,781,7.00261335082486
"7","CR-1",36,"RD",NA,NA,NA,NA,NA,NA,NA,NA,NA,NA,NA,NA,NA,1978-09-06,1978-10-21,"Monongalia_WV",39.66666667,-80,701.04,5.6,16.5,27.4,18.1,-4.9,3.5,14.4,5.3,0.4,10,20.9,11.7,250,303,347,229,-9999,-9999,-9999,-9999,179,22,0,11,55,542,1464,659,1583,760,39,623,0,24,307,49,6,51,92,59,32,1,0,1,76,284,444,202,22,21,97,19,62,59,62,60,21.66,10.68,-3.01,0.94,10.7,21.7,0.1,21.7,1129,542,18.4,40.1,213,2720,3005,380,207,121,283,162,34,-27.2,36.7,-9999,1005,159,61,30.27,1513,5.61795653872302
"8","FG-1",4,"CR",109.6,143.5,1979,"Levy, FL & Wayne, GA",30,82,150,"",39.666667,80,33,"4/19/1979","5/23/1979",NA,NA,"Levy_FL_Wayne_GA",30,-82,45.72,21.1,27.7,33,27.7,7.1,13.2,20.9,15.2,14.1,20.5,27,21.4,215,261,518,286,-9999,-9999,-9999,-9999,5,0,0,0,837,1415,2017,1491,396,97,2,90,46,308,827,398,85,92,92,91,0,0,0,0,222,455,532,325,76,194,27,67,58,58,66,63,-3.81,-11.53,5.93,-6.67,20.7,27.2,13.6,13.6,1280,764,24,35.6,5,5760,586,1579,360,42,342,300,0,-10.9,39.1,-9999,1534,364,61,-16.09,3880,3.86476565883002
"9","FG-1",37,"RD",101.5,147.5,1979,"Levy, FL & Wayne, GA",30,82,150,"",39.5,79.83333,32,"4/11/1979","5/27/1979",1978-11-11,1978-11-07,"Levy_FL_Wayne_GA",30,-82,45.72,21.1,27.7,33,27.7,7.1,13.2,20.9,15.2,14.1,20.5,27,21.4,215,261,518,286,-9999,-9999,-9999,-9999,5,0,0,0,837,1415,2017,1491,396,97,2,90,46,308,827,398,85,92,92,91,0,0,0,0,222,455,532,325,76,194,27,67,58,58,66,63,-3.81,-11.53,5.93,-6.67,20.7,27.2,13.6,13.6,1280,764,24,35.6,5,5760,586,1579,360,42,342,300,0,-10.9,39.1,-9999,1534,364,61,-16.09,3880,3.86476565883002
"10","FL-3",5,"CR",107.3,141,1979,"Alachua, FL",29.65,82.31666667,120,"",39.666667,80,33,"4/17/1979","5/21/1979",NA,NA,"Alachua_FL",29.65,-82.31666667,36.576,21.5,27.8,32.9,27.9,7.6,13.6,21.3,15.4,14.5,20.7,27.1,21.7,211,261,527,262,-9999,-9999,-9999,-9999,4,0,0,0,876,1437,2028,1512,364,92,2,85,54,324,838,413,86,92,92,91,0,0,0,0,227,454,524,330,80,192,25,71,58,59,67,63,-4.78,-11.19,7.82,-9.49,21,27.3,14.1,13.2,1261,746,24.6,36.6,5,5854,543,1630,361,39,343,304,0,-10.3,38.8,-9999,1534,368,62,-17.65,3973,3.80926571046312
"11","GA-1",6,"CR",105.3,138.8,1979,"Decatur, GA",30.91666667,84.5,150,"",39.666667,80,33,"4/15/1979","5/18/1979",NA,NA,"Decatur_GA",30.91666667,-84.5,45.72,18.8,26.5,33.3,27.1,5.8,12.9,21.4,13.9,12.3,19.7,27.4,20.5,290,339,407,228,-9999,-9999,-9999,-9999,8,1,0,0,676,1350,2053,1409,536,134,2,134,24,281,863,359,81,92,92,91,0,0,0,0,196,429,529,320,59,106,123,92,60,60,66,61,7.37,-0.74,-5.53,-12.22,20,27.6,11.9,15.7,1264,618,23.7,44.6,9,5489,806,1527,356,47,335,288,0,-12.9,40,-9999,1474,380,62,-11.11,3629,4.01226267607198
"12","GA-1",38,"RD",94.5,138.8,1979,"Decatur, GA",30.91666667,84.5,150,"",39.5,79.83333,32,"4/4/1979","5/18/1979",1978-10-19,1978-11-05,"Decatur_GA",30.91666667,-84.5,45.72,18.8,26.5,33.3,27.1,5.8,12.9,21.4,13.9,12.3,19.7,27.4,20.5,290,339,407,228,-9999,-9999,-9999,-9999,8,1,0,0,676,1350,2053,1409,536,134,2,134,24,281,863,359,81,92,92,91,0,0,0,0,196,429,529,320,59,106,123,92,60,60,66,61,7.37,-0.74,-5.53,-12.22,20,27.6,11.9,15.7,1264,618,23.7,44.6,9,5489,806,1527,356,47,335,288,0,-12.9,40,-9999,1474,380,62,-11.11,3629,4.01226267607198
"13","IL-1",39,"RD",90.5,134,1979,"Williamson, IL",37.7,89.06666667,455,"",39.5,79.83333,32,"3/31/1979","5/14/1979",1978-10-07,1978-10-31,"Williamson_IL",37.7,-89.06666667,138.684,8.1,20,32,21.9,-2.3,7.3,18.6,8.2,2.9,13.7,25.3,15,244,322,285,243,-9999,-9999,-9999,-9999,98,8,0,5,112,828,1865,940,1360,488,6,419,0,87,677,149,8,64,92,64,10,0,0,0,94,322,510,245,27,39,226,53,64,61,62,59,18.86,8.97,-17.42,-3.15,14.2,26.1,2.1,24.1,1094,474,22.1,55.1,111,3743,2273,913,228,107,296,189,11,-23.8,41.7,-9999,1171,345,61,7.25,2340,5.21988849689181
"14","IL-1",7,"CR",98,135.1,1979,"Williamson, IL",37.7,89.06666667,455,"",39.666667,80,33,"4/8/1979","5/15/1979",NA,NA,"Williamson_IL",37.7,-89.06666667,138.684,8.1,20,32,21.9,-2.3,7.3,18.6,8.2,2.9,13.7,25.3,15,244,322,285,243,-9999,-9999,-9999,-9999,98,8,0,5,112,828,1865,940,1360,488,6,419,0,87,677,149,8,64,92,64,10,0,0,0,94,322,510,245,27,39,226,53,64,61,62,59,18.86,8.97,-17.42,-3.15,14.2,26.1,2.1,24.1,1094,474,22.1,55.1,111,3743,2273,913,228,107,296,189,11,-23.8,41.7,-9999,1171,345,61,7.25,2340,5.21988849689181
"15","MD-3",40,"RD",93,138.5,1979,"Anne Arundel, MD",39.03333333,76.43333333,25,"",39.5,79.83333,32,"4/3/1979","5/18/1979",1978-10-15,1978-11-01,"AnneArundel_MD",39.03333333,-76.43333333,7.62,7.5,18.5,30,20.4,-1.8,6.9,19,9.7,2.9,12.7,24.5,15,240,290,311,264,-9999,-9999,-9999,-9999,97,11,0,4,111,749,1789,934,1358,560,9,403,0,70,603,135,10,62,92,79,10,0,0,0,84,295,448,206,24,41,137,0,67,64,68,67,19.03,8.9,-6.29,4.07,13.8,25.6,2.5,23.1,1106,518,21.5,49.4,112,3584,2330,808,244,105,302,197,10,-22.6,39.5,-9999,1032,202,67,25.72,2193,5.48692998388258
"16","MD-3",8,"CR",98.6,140.5,1979,"Anne Arundel, MD",39.03333333,76.43333333,25,"",39.666667,80,33,"4/8/1979","5/20/1979",NA,NA,"AnneArundel_MD",39.03333333,-76.43333333,7.62,7.5,18.5,30,20.4,-1.8,6.9,19,9.7,2.9,12.7,24.5,15,240,290,311,264,-9999,-9999,-9999,-9999,97,11,0,4,111,749,1789,934,1358,560,9,403,0,70,603,135,10,62,92,79,10,0,0,0,84,295,448,206,24,41,137,0,67,64,68,67,19.03,8.9,-6.29,4.07,13.8,25.6,2.5,23.1,1106,518,21.5,49.4,112,3584,2330,808,244,105,302,197,10,-22.6,39.5,-9999,1032,202,67,25.72,2193,5.48692998388258
"17","MI-1",9,"CR",102.6,136.9,1979,"Kalamazoo, MI",42.35,85.35,830,"",39.666667,80,33,"4/12/1979","5/16/1979",NA,NA,"Kalamazoo_MI",42.35,-85.35,252.984,1.3,14.2,28.4,16.7,-7,2.2,15,5.2,-2.9,8.2,21.7,11,150,249,260,230,-9999,-9999,-9999,-9999,358,50,0,19,24,451,1535,624,1871,925,29,685,0,21,365,48,3,39,92,59,66,6,0,2,0,249,448,176,0,27,189,10,66,61,61,64,14.11,9.71,-12.37,4.15,9.5,22.8,-3.6,26.4,888,443,21.9,51.5,427,2635,3510,434,193,124,283,158,74,-29.2,39.1,-9999,874,226,63,15.59,1532,6.20674838794134
"18","MI-1",41,"RD",98.4,135.5,1979,"Kalamazoo, MI",42.35,85.35,830,"",39.5,79.83333,32,"4/8/1979","5/15/1979",1978-09-09,1978-10-20,"Kalamazoo_MI",42.35,-85.35,252.984,1.3,14.2,28.4,16.7,-7,2.2,15,5.2,-2.9,8.2,21.7,11,150,249,260,230,-9999,-9999,-9999,-9999,358,50,0,19,24,451,1535,624,1871,925,29,685,0,21,365,48,3,39,92,59,66,6,0,2,0,249,448,176,0,27,189,10,66,61,61,64,14.11,9.71,-12.37,4.15,9.5,22.8,-3.6,26.4,888,443,21.9,51.5,427,2635,3510,434,193,124,283,158,74,-29.2,39.1,-9999,874,226,63,15.59,1532,6.20674838794134
"19","MS-1",10,"CR",99.7,137.4,1979,"Warren, MS",32.33333333,91,300,"",39.666667,80,33,"4/9/1979","5/17/1979",NA,NA,"Warren_MS",32.33333333,-91,91.44,15.8,24.9,33.4,26,3.8,11.9,21.1,11.7,9.8,18.4,27.3,18.9,404,374,274,232,-9999,-9999,-9999,-9999,15,1,0,1,485,1233,2043,1264,737,193,2,206,10,219,853,282,59,92,92,90,1,0,0,0,165,399,533,313,50,63,259,124,62,61,65,58,23.04,6,-20.13,-11.73,18.6,27.7,9,18.7,1283,445,22.3,62.2,18,5024,1138,1363,334,65,323,258,1,-15.8,41,-9999,1410,496,62,-2.81,3240,4.24668084107849
"20","MS-1",42,"RD",90,134.4,1979,"Warren, MS",32.33333333,91,300,"",39.5,79.83333,32,"3/31/1979","5/14/1979",1978-11-07,1978-11-11,"Warren_MS",32.33333333,-91,91.44,15.8,24.9,33.4,26,3.8,11.9,21.1,11.7,9.8,18.4,27.3,18.9,404,374,274,232,-9999,-9999,-9999,-9999,15,1,0,1,485,1233,2043,1264,737,193,2,206,10,219,853,282,59,92,92,90,1,0,0,0,165,399,533,313,50,63,259,124,62,61,65,58,23.04,6,-20.13,-11.73,18.6,27.7,9,18.7,1283,445,22.3,62.2,18,5024,1138,1363,334,65,323,258,1,-15.8,41,-9999,1410,496,62,-2.81,3240,4.24668084107849
"21","MS-2",43,"RD",98.6,134,1979,"Jefferson, MS",31.66666667,91,250,"",39.5,79.83333,32,"4/8/1979","5/14/1979",1978-11-10,1978-11-05,"Jefferson_MS",31.66666667,-91,76.2,17.1,25.4,33.3,26.4,4.6,11.9,20.8,12.2,10.8,18.6,27,19.3,405,388,334,244,-9999,-9999,-9999,-9999,12,1,0,1,559,1254,2023,1301,654,173,2,184,14,220,833,298,72,92,92,91,0,0,0,0,178,410,536,320,54,60,202,115,61,60,65,58,21.12,6.49,-13.98,-10.99,19,27.5,10.2,17.3,1371,525,21.1,52.3,13,5136,1013,1365,347,57,328,271,0,-14.7,40.5,-9999,1444,431,61,2.65,3320,4.13535137215617
"22","MS-3",11,"CR",106.3,137.5,1979,"Stone, MS",30.66666667,89.16666667,175,"",39.666667,80,33,"4/16/1979","5/17/1979",NA,NA,"Stone_MS",30.66666667,-89.16666667,53.34,18.6,25.9,32.9,26.6,5.7,12.9,21.2,13.4,12.2,19.4,27.1,20,379,415,472,316,-9999,-9999,-9999,-9999,8,1,0,0,661,1319,2025,1362,545,144,2,148,23,259,835,325,81,92,92,91,0,0,0,0,196,415,523,320,60,48,59,44,60,62,67,61,16.52,8.91,2.08,-2.84,19.6,27.4,11.6,15.8,1582,743,18.7,36.8,9,5367,840,1443,356,48,333,285,0,-13.1,39.8,-9999,1454,211,62,24.67,3520,3.97172207868717
"23","NC-1",12,"CR",99.7,144.3,1979,"Buncombe, NC",35.41666667,82.5,2000,"",39.666667,80,33,"4/9/1979","5/24/1979",NA,NA,"Buncombe_NC",35.41666667,-82.5,609.6,10.7,20.1,29.1,21,-1.8,5.6,15.9,6.8,4.4,12.9,22.5,13.9,273,284,336,231,-9999,-9999,-9999,-9999,65,8,0,5,163,750,1611,835,1219,531,19,467,0,53,426,90,10,61,92,62,5,0,0,0,121,345,483,250,36,92,147,40,58,56,62,57,18.49,2.77,-7.59,-3.77,13.4,23.2,4.1,19.1,1124,506,20.8,45.8,77,3358,2236,569,225,112,290,178,5,-23.6,37.4,-9999,1199,315,58,9.9,1914,4.78759545026938
"24","NC-1",44,"RD",92.9,141.7,1979,"Buncombe, NC",35.41666667,82.5,2000,"",39.5,79.83333,32,"4/2/1979","5/21/1979",1978-10-04,1978-10-30,"Buncombe_NC",35.41666667,-82.5,609.6,10.7,20.1,29.1,21,-1.8,5.6,15.9,6.8,4.4,12.9,22.5,13.9,273,284,336,231,-9999,-9999,-9999,-9999,65,8,0,5,163,750,1611,835,1219,531,19,467,0,53,426,90,10,61,92,62,5,0,0,0,121,345,483,250,36,92,147,40,58,56,62,57,18.49,2.77,-7.59,-3.77,13.4,23.2,4.1,19.1,1124,506,20.8,45.8,77,3358,2236,569,225,112,290,178,5,-23.6,37.4,-9999,1199,315,58,9.9,1914,4.78759545026938
"25","NY-1",45,"RD",96.2,137.4,1979,"Cortland, NY",43,76.08333333,1600,"",39.5,79.83333,32,"4/6/1979","5/17/1979",1978-09-04,1978-10-11,"Cortland_NY",43,-76.08333333,487.68,-0.7,10.6,24.5,14.2,-10.1,-0.2,12.5,3.6,-5.4,5.2,18.5,8.9,211,251,271,269,-9999,-9999,-9999,-9999,546,107,0,30,13,285,1241,467,2098,1187,108,849,0,8,155,19,1,32,92,48,158,45,0,5,0,174,388,153,0,16,117,0,61,63,64,65,21,14.5,-3.39,11.75,6.8,19.6,-6.1,25.8,1002,454,16.8,43.3,683,2007,4243,182,173,135,275,140,208,-32.9,35.7,-9999,715,133,63,43.86,1048,6.35846334205595
"26","NY-1",13,"CR",98.9,138.6,1979,"Cortland, NY",43,76.08333333,1600,"",39.666667,80,33,"4/8/1979","5/18/1979",NA,NA,"Cortland_NY",43,-76.08333333,487.68,-0.7,10.6,24.5,14.2,-10.1,-0.2,12.5,3.6,-5.4,5.2,18.5,8.9,211,251,271,269,-9999,-9999,-9999,-9999,546,107,0,30,13,285,1241,467,2098,1187,108,849,0,8,155,19,1,32,92,48,158,45,0,5,0,174,388,153,0,16,117,0,61,63,64,65,21,14.5,-3.39,11.75,6.8,19.6,-6.1,25.8,1002,454,16.8,43.3,683,2007,4243,182,173,135,275,140,208,-32.9,35.7,-9999,715,133,63,43.86,1048,6.35846334205595
"27","OH-1",14,"CR",105.5,140.7,1979,"Wayne, OH",40.76666667,81.91666667,1100,"",39.666667,80,33,"4/15/1979","5/20/1979",NA,NA,"Wayne_OH",40.76666667,-81.91666667,335.28,3.2,15.2,28.1,17.6,-5.5,3.2,15.1,5.7,-1.2,9.2,21.6,11.7,182,255,280,190,-9999,-9999,-9999,-9999,253,32,0,14,38,500,1523,668,1719,834,30,632,0,24,353,57,5,46,92,60,45,2,0,1,0,262,448,191,0,35,166,33,66,61,62,63,16.33,8.99,-9.59,-1.32,10.3,22.5,-1.6,24.1,907,449,22.4,50.1,299,2730,3214,435,203,122,285,164,48,-27.6,38.1,-9999,900,234,63,14.41,1570,5.85244218815466
"28","OH-1",46,"RD",102.9,141,1979,"Wayne, OH",40.76666667,81.91666667,1100,"",39.5,79.83333,32,"4/12/1979","5/21/1979",1978-09-14,1978-10-19,"Wayne_OH",40.76666667,-81.91666667,335.28,3.2,15.2,28.1,17.6,-5.5,3.2,15.1,5.7,-1.2,9.2,21.6,11.7,182,255,280,190,-9999,-9999,-9999,-9999,253,32,0,14,38,500,1523,668,1719,834,30,632,0,24,353,57,5,46,92,60,45,2,0,1,0,262,448,191,0,35,166,33,66,61,62,63,16.33,8.99,-9.59,-1.32,10.3,22.5,-1.6,24.1,907,449,22.4,50.1,299,2730,3214,435,203,122,285,164,48,-27.6,38.1,-9999,900,234,63,14.41,1570,5.85244218815466
"29","PA-1",15,"CR",104.3,140.3,1979,"Warren, PA",41.83333333,79.25,1200,"",39.666667,80,33,"4/14/1979","5/20/1979",NA,NA,"Warren_PA",41.83333333,-79.25,365.76,2.1,13.9,27.2,16.8,-7.9,0.4,12.4,3.7,-2.9,7.1,19.8,10.2,229,289,297,260,-9999,-9999,-9999,-9999,361,61,0,20,23,381,1361,561,1875,1015,63,735,0,13,233,32,3,32,92,48,104,14,0,2,0,255,452,185,0,24,156,8,61,56,57,59,21.89,13.87,-8.33,6.24,8.6,20.8,-3.5,24.3,1075,491,17.3,42.3,441,2326,3689,278,174,134,275,141,120,-30.3,37.4,-9999,892,188,58,33.67,1272,6.08882897589663
"30","PA-1",47,"RD",99.3,139.6,1979,"Warren, PA",41.83333333,79.25,1200,"",39.5,79.83333,32,"4/9/1979","5/19/1979",1978-09-14,1978-10-23,"Warren_PA",41.83333333,-79.25,365.76,2.1,13.9,27.2,16.8,-7.9,0.4,12.4,3.7,-2.9,7.1,19.8,10.2,229,289,297,260,-9999,-9999,-9999,-9999,361,61,0,20,23,381,1361,561,1875,1015,63,735,0,13,233,32,3,32,92,48,104,14,0,2,0,255,452,185,0,24,156,8,61,56,57,59,21.89,13.87,-8.33,6.24,8.6,20.8,-3.5,24.3,1075,491,17.3,42.3,441,2326,3689,278,174,134,275,141,120,-30.3,37.4,-9999,892,188,58,33.67,1272,6.08882897589663
"31","PA-2",48,"RD",98.4,136.5,1979,"Potter, PA",41.66666667,78,1813,"elevation evaluated from USGS point query service",39.5,79.83333,32,"4/8/1979","5/16/1979",1978-09-15,1978-10-19,"Potter_PA",41.66666667,-78,552.6024,1.1,13.6,26.3,15.8,-8.8,0,11.7,3.1,-3.8,6.8,19,9.4,198,277,295,244,-9999,-9999,-9999,-9999,424,69,0,26,19,364,1290,507,1956,1046,86,800,0,12,183,24,2,31,92,43,113,18,0,3,0,253,439,178,0,28,144,8,61,56,57,59,19.26,12.67,-7.07,5.91,7.9,19.9,-4.2,24.1,1014,481,17.6,41.4,519,2180,3888,218,168,136,272,136,135,-31.5,36.5,-9999,871,180,58,30.77,1158,6.05127790068265
"32","PA-2",16,"CR",100.4,139.3,1979,"Potter, PA",41.66666667,78,1813,"elevation evaluated from USGS point query service",39.666667,80,33,"4/10/1979","5/19/1979",NA,NA,"Potter_PA",41.66666667,-78,552.6024,1.1,13.6,26.3,15.8,-8.8,0,11.7,3.1,-3.8,6.8,19,9.4,198,277,295,244,-9999,-9999,-9999,-9999,424,69,0,26,19,364,1290,507,1956,1046,86,800,0,12,183,24,2,31,92,43,113,18,0,3,0,253,439,178,0,28,144,8,61,56,57,59,19.26,12.67,-7.07,5.91,7.9,19.9,-4.2,24.1,1014,481,17.6,41.4,519,2180,3888,218,168,136,272,136,135,-31.5,36.5,-9999,871,180,58,30.77,1158,6.05127790068265
"33","PA-3",49,"RD",102.7,137.6,1979,"McKean, PA",41.76666667,78.81666667,2095,"elevation evaluated from USGS point query service",39.5,79.83333,32,"4/12/1979","5/17/1979",1978-08-27,1978-10-16,"McKean_PA",41.76666667,-78.81666667,638.556,0.8,12.8,25.4,15.1,-9,-0.2,11.2,2.7,-4.1,6.3,18.3,8.9,246,311,310,259,-9999,-9999,-9999,-9999,447,76,0,29,17,333,1225,468,1984,1090,113,845,0,9,143,19,2,31,92,39,150,26,0,5,0,200,423,172,0,8,113,0,61,57,58,60,24.23,17.33,-3.61,8.53,7.3,19.3,-4.6,23.8,1127,515,15.4,37.4,552,2043,4031,170,164,138,270,132,181,-31.8,35.6,-9999,796,121,59,46.48,1051,6.07378045644013
"34","PA-3",17,"CR",106.9,139,1979,"McKean, PA",41.76666667,78.81666667,2095,"elevation evaluated from USGS point query service",39.666667,80,33,"4/16/1979","5/19/1979",NA,NA,"McKean_PA",41.76666667,-78.81666667,638.556,0.8,12.8,25.4,15.1,-9,-0.2,11.2,2.7,-4.1,6.3,18.3,8.9,246,311,310,259,-9999,-9999,-9999,-9999,447,76,0,29,17,333,1225,468,1984,1090,113,845,0,9,143,19,2,31,92,39,150,26,0,5,0,200,423,172,0,8,113,0,61,57,58,60,24.23,17.33,-3.61,8.53,7.3,19.3,-4.6,23.8,1127,515,15.4,37.4,552,2043,4031,170,164,138,270,132,181,-31.8,35.6,-9999,796,121,59,46.48,1051,6.07378045644013
"35","PA-4",18,"CR",104.6,139,1979,"Centre, PA",40.85,77.83333333,1400,"",39.666667,80,33,"4/14/1979","5/19/1979",NA,NA,"Centre_PA",40.85,-77.83333333,426.72,2.9,15,27.5,17,-6.1,2.7,14.4,5.2,-1.6,8.8,21,11.1,196,276,276,224,-9999,-9999,-9999,-9999,279,38,0,15,34,482,1467,620,1761,867,39,671,0,23,310,43,4,43,92,58,58,4,0,1,0,262,441,185,0,28,166,22,65,60,62,63,18,11.06,-9.32,3.03,9.8,22,-2,24,972,450,20.4,48.9,332,2603,3337,376,197,124,282,158,63,-28.4,37.5,-9999,888,216,62,22.77,1469,5.8705807230971
"36","PA-4",50,"RD",100.5,137.4,1979,"Centre, PA",40.85,77.83333333,1400,"",39.5,79.83333,32,"4/10/1979","5/17/1979",1978-09-07,1978-10-20,"Centre_PA",40.85,-77.83333333,426.72,2.9,15,27.5,17,-6.1,2.7,14.4,5.2,-1.6,8.8,21,11.1,196,276,276,224,-9999,-9999,-9999,-9999,279,38,0,15,34,482,1467,620,1761,867,39,671,0,23,310,43,4,43,92,58,58,4,0,1,0,262,441,185,0,28,166,22,65,60,62,63,18,11.06,-9.32,3.03,9.8,22,-2,24,972,450,20.4,48.9,332,2603,3337,376,197,124,282,158,63,-28.4,37.5,-9999,888,216,62,22.77,1469,5.8705807230971
"37","SC-1",19,"CR",100.4,136.7,1979,"Pickens, SC",34.58333333,82.83333333,1000,"",39.666667,80,33,"4/10/1979","5/16/1979",NA,NA,"Pickens_SC",34.58333333,-82.83333333,304.8,13.3,22.9,32,23.7,1.6,9.3,19.7,10.6,7.4,16.1,25.8,17.1,376,329,325,258,-9999,-9999,-9999,-9999,29,3,0,2,320,1029,1912,1108,949,314,4,281,4,138,724,203,20,85,92,84,2,0,0,0,138,372,506,271,40,88,181,40,62,59,65,60,24.72,3.69,-12.37,-4.64,16.6,26.4,7.1,19.3,1288,500,20.7,52.7,34,4369,1548,1069,281,90,311,220,2,-18.8,39.9,-9999,1286,349,62,11.4,2712,4.63689623236708
"38","TN-1",51,"RD",100.5,137,1979,"Morgan & Scott, TN",36.25,84.5,1900,"",39.5,79.83333,32,"4/10/1979","5/17/1979",1978-09-25,1978-10-16,"Morgan_Scott_TN",36.25,-84.5,579.12,9,19.1,28.9,20.5,-2.2,6,16.1,6.8,3.4,12.6,22.5,13.6,416,352,357,262,-9999,-9999,-9999,-9999,84,9,0,6,127,731,1607,817,1309,555,20,492,0,52,422,92,9,62,92,62,13,0,0,0,106,323,471,242,31,41,115,43,62,59,63,58,34.84,11.93,-4.3,0.28,13,23.2,3,20.2,1386,546,16.6,42.6,100,3282,2376,566,225,113,291,178,13,-23.8,37.7,-9999,1141,230,61,42.75,1893,4.94194632251941
"39","TN-1",20,"CR",105.8,139.4,1979,"Morgan & Scott, TN",36.25,84.5,1900,"",39.666667,80,33,"4/15/1979","5/19/1979",NA,NA,"Morgan_Scott_TN",36.25,-84.5,579.12,9,19.1,28.9,20.5,-2.2,6,16.1,6.8,3.4,12.6,22.5,13.6,416,352,357,262,-9999,-9999,-9999,-9999,84,9,0,6,127,731,1607,817,1309,555,20,492,0,52,422,92,9,62,92,62,13,0,0,0,106,323,471,242,31,41,115,43,62,59,63,58,34.84,11.93,-4.3,0.28,13,23.2,3,20.2,1386,546,16.6,42.6,100,3282,2376,566,225,113,291,178,13,-23.8,37.7,-9999,1141,230,61,42.75,1893,4.94194632251941
"40","TN-2",52,"RD",107.9,140,1979,"Monroe, TN",35.33333333,84.25,3800,"",39.5,79.83333,32,"4/17/1979","5/20/1979",1978-08-23,1978-10-19,"Monroe_TN",35.33333333,-84.25,1158.24,14.4,19.8,27.6,21.5,-0.6,4.2,12.7,5.2,6.9,12,20.1,13.4,514,397,460,265,-9999,-9999,-9999,-9999,33,7,0,4,271,667,1392,780,997,586,53,485,0,23,254,57,13,56,92,60,3,0,0,0,147,347,481,262,43,40,41,48,52,53,57,51,35.67,12.36,4.01,-4.22,13.1,20.6,6.7,13.9,1636,652,14.1,31.6,45,3110,2121,334,221,114,285,171,4,-22.4,34.5,-9999,1238,172,53,47.82,1585,4.77236471778448
"41","TN-2",21,"CR",108.9,140.6,1979,"Monroe, TN",35.33333333,84.25,3800,"",39.666667,80,33,"4/18/1979","5/20/1979",NA,NA,"Monroe_TN",35.33333333,-84.25,1158.24,14.4,19.8,27.6,21.5,-0.6,4.2,12.7,5.2,6.9,12,20.1,13.4,514,397,460,265,-9999,-9999,-9999,-9999,33,7,0,4,271,667,1392,780,997,586,53,485,0,23,254,57,13,56,92,60,3,0,0,0,147,347,481,262,43,40,41,48,52,53,57,51,35.67,12.36,4.01,-4.22,13.1,20.6,6.7,13.9,1636,652,14.1,31.6,45,3110,2121,334,221,114,285,171,4,-22.4,34.5,-9999,1238,172,53,47.82,1585,4.77236471778448
"42","TX-1",53,"RD",94,134,1979,"Cherokee, TX",31.75,95,300,"",39.5,79.83333,32,"4/4/1979","5/14/1979",1978-11-02,1978-11-04,"Cherokee_TX",31.75,-95,91.44,16.3,24.9,34,26.5,4.3,12.2,21.4,12.7,10.3,18.6,27.7,19.6,326,323,215,255,-9999,-9999,-9999,-9999,14,1,0,1,519,1247,2085,1329,701,182,2,180,12,223,895,323,68,92,92,91,1,0,0,0,172,397,545,319,52,74,331,106,62,62,65,59,14.44,1.4,-27.95,-10.07,19,28.2,9.5,18.8,1118,412,26,68.6,15,5181,1065,1453,343,59,329,271,1,-15.1,41.6,-9999,1433,563,62,-22.19,3378,4.14916703036002
"43","TX-1",22,"CR",104.8,141,1979,"Cherokee, TX",31.75,95,300,"",39.666667,80,33,"4/14/1979","5/21/1979",NA,NA,"Cherokee_TX",31.75,-95,91.44,16.3,24.9,34,26.5,4.3,12.2,21.4,12.7,10.3,18.6,27.7,19.6,326,323,215,255,-9999,-9999,-9999,-9999,14,1,0,1,519,1247,2085,1329,701,182,2,180,12,223,895,323,68,92,92,91,1,0,0,0,172,397,545,319,52,74,331,106,62,62,65,59,14.44,1.4,-27.95,-10.07,19,28.2,9.5,18.8,1118,412,26,68.6,15,5181,1065,1453,343,59,329,271,1,-15.1,41.6,-9999,1433,563,62,-22.19,3378,4.14916703036002
"44","VA-1",54,"RD",104.4,142.8,1979,"Russell, VA",37,82,2000,"",39.5,79.83333,32,"4/14/1979","5/22/1979",1978-09-23,1978-10-21,"Russell_VA",37,-82,609.6,8.8,18.9,28.9,20.5,-3.5,4.4,15,5.3,2.6,11.6,21.9,12.9,262,286,324,197,-9999,-9999,-9999,-9999,103,12,0,8,104,656,1558,757,1379,629,25,541,0,39,378,75,7,55,92,58,11,0,0,0,104,327,480,243,30,73,157,70,57,55,60,54,19.94,4.91,-9,-7.03,12.3,22.8,2.3,20.5,1068,494,20.9,46.1,123,3076,2574,492,213,118,284,166,12,-25.6,37.7,-9999,1155,330,57,8.82,1748,5.08416684063755
"45","VA-1",23,"CR",107.9,142.9,1979,"Russell, VA",37,82,2000,"",39.666667,80,33,"4/17/1979","5/22/1979",NA,NA,"Russell_VA",37,-82,609.6,8.8,18.9,28.9,20.5,-3.5,4.4,15,5.3,2.6,11.6,21.9,12.9,262,286,324,197,-9999,-9999,-9999,-9999,103,12,0,8,104,656,1558,757,1379,629,25,541,0,39,378,75,7,55,92,58,11,0,0,0,104,327,480,243,30,73,157,70,57,55,60,54,19.94,4.91,-9,-7.03,12.3,22.8,2.3,20.5,1068,494,20.9,46.1,123,3076,2574,492,213,118,284,166,12,-25.6,37.7,-9999,1155,330,57,8.82,1748,5.08416684063755
"46","VA-2",55,"RD",94,140.1,1979,"Henrico, VA",37.5,77.5,200,"",39.5,79.83333,32,"4/4/1979","5/20/1979",1978-10-09,1978-10-27,"Henrico_VA",37.5,-77.5,60.96,10.1,20.5,30.4,21.6,-1.2,7.2,18.6,8.9,4.4,13.9,24.5,15.2,245,269,344,241,-9999,-9999,-9999,-9999,65,7,0,3,164,837,1791,947,1218,468,8,388,0,84,604,136,11,65,92,70,5,0,0,0,106,332,471,233,31,77,126,21,62,59,66,61,16.74,2.66,-5.24,-1.56,14.5,25.4,4.1,21.3,1098,530,22.3,48,74,3739,2083,824,238,105,298,192,5,-22.5,39.1,-9999,1142,255,62,12.6,2263,5.18080812359818
"47","VA-2",24,"CR",99.7,143.6,1979,"Henrico, VA",37.5,77.5,200,"",39.666667,80,33,"4/9/1979","5/23/1979",NA,NA,"Henrico_VA",37.5,-77.5,60.96,10.1,20.5,30.4,21.6,-1.2,7.2,18.6,8.9,4.4,13.9,24.5,15.2,245,269,344,241,-9999,-9999,-9999,-9999,65,7,0,3,164,837,1791,947,1218,468,8,388,0,84,604,136,11,65,92,70,5,0,0,0,106,332,471,233,31,77,126,21,62,59,66,61,16.74,2.66,-5.24,-1.56,14.5,25.4,4.1,21.3,1098,530,22.3,48,74,3739,2083,824,238,105,298,192,5,-22.5,39.1,-9999,1142,255,62,12.6,2263,5.18080812359818
"48","VA-3",25,"CR",110.5,140.3,1979,"Wise, VA",37,82.5,4000,"",39.666667,80,33,"4/20/1979","5/20/1979",NA,NA,"Wise_VA",37,-82.5,1219.2,7.4,16.6,25.5,18.2,-0.5,7.3,15.6,8,3.5,11.9,20.6,13.1,312,310,343,225,-9999,-9999,-9999,-9999,85,9,0,6,125,664,1430,765,1305,599,44,513,0,31,281,63,11,77,92,73,10,0,0,0,87,265,393,200,25,28,56,18,72,70,70,68,25.41,12.14,2.05,0.98,12.3,21.1,2.4,18.7,1189,517,18.7,40.8,99,2985,2461,376,253,107,298,191,11,-21.9,34.2,-9999,945,127,70,40.57,1605,5.08416684063755
"49","VA-3",56,"RD",109.8,139.5,1979,"Wise, VA",37,82.5,4000,"",39.5,79.83333,32,"4/19/1979","5/19/1979",1978-08-24,1978-10-18,"Wise_VA",37,-82.5,1219.2,7.4,16.6,25.5,18.2,-0.5,7.3,15.6,8,3.5,11.9,20.6,13.1,312,310,343,225,-9999,-9999,-9999,-9999,85,9,0,6,125,664,1430,765,1305,599,44,513,0,31,281,63,11,77,92,73,10,0,0,0,87,265,393,200,25,28,56,18,72,70,70,68,25.41,12.14,2.05,0.98,12.3,21.1,2.4,18.7,1189,517,18.7,40.8,99,2985,2461,376,253,107,298,191,11,-21.9,34.2,-9999,945,127,70,40.57,1605,5.08416684063755
"50","VT-1",57,"RD",93.4,134.8,1979,"Chittenden, VT",44.55,72.91666667,1000,"",39.5,79.83333,32,"4/3/1979","5/14/1979",1978-08-22,1978-10-10,"Chittenden_VT",44.55,-72.91666667,304.8,-2.5,10,24.4,13.2,-13.1,-1.1,12,2.2,-7.8,4.5,18.2,7.7,228,268,332,300,-9999,-9999,-9999,-9999,729,139,0,45,6,268,1214,400,2316,1256,120,949,0,9,139,13,1,31,92,36,207,69,0,13,0,168,384,143,0,9,52,0,56,62,63,64,22.75,17,3.25,16.45,5.6,19.4,-8.8,28.2,1128,537,13.9,36.2,913,1888,4640,160,159,139,269,131,289,-36.3,36.1,-9999,695,61,61,59.45,976,6.73655692834225
"51","VT-1",26,"CR",97.5,138.2,1979,"Chittenden, VT",44.55,72.91666667,1000,"",39.666667,80,33,"4/7/1979","5/18/1979",NA,NA,"Chittenden_VT",44.55,-72.91666667,304.8,-2.5,10,24.4,13.2,-13.1,-1.1,12,2.2,-7.8,4.5,18.2,7.7,228,268,332,300,-9999,-9999,-9999,-9999,729,139,0,45,6,268,1214,400,2316,1256,120,949,0,9,139,13,1,31,92,36,207,69,0,13,0,168,384,143,0,9,52,0,56,62,63,64,22.75,17,3.25,16.45,5.6,19.4,-8.8,28.2,1128,537,13.9,36.2,913,1888,4640,160,159,139,269,131,289,-36.3,36.1,-9999,695,61,61,59.45,976,6.73655692834225
"52","WI-2",58,"RD",97.6,143.9,1979,"Forest, WI",45.58333333,88.91666667,600,"",39.5,79.83333,32,"4/7/1979","5/23/1979",1978-09-14,1978-10-20,"Forest_WI",45.58333333,-88.91666667,182.88,-1.5,12.4,27,14.4,-13.5,-2.6,10.7,1.1,-7.5,4.9,18.9,7.7,100,198,287,209,-9999,-9999,-9999,-9999,707,131,0,61,6,295,1278,426,2290,1216,91,951,0,10,176,17,0,23,92,34,89,35,0,14,0,200,445,155,0,45,159,1,52,50,53,57,10,6.65,-9.51,4.63,6,20,-8.7,28.7,794,463,20.1,43.2,898,2004,4548,203,149,145,265,121,139,-36.2,38.1,-9999,800,205,53,11.77,1072,7.00261335082486
"53","WI-2",27,"CR",104.1,140,1979,"Forest, WI",45.58333333,88.91666667,600,"",39.666667,80,33,"4/14/1979","5/20/1979",NA,NA,"Forest_WI",45.58333333,-88.91666667,182.88,-1.5,12.4,27,14.4,-13.5,-2.6,10.7,1.1,-7.5,4.9,18.9,7.7,100,198,287,209,-9999,-9999,-9999,-9999,707,131,0,61,6,295,1278,426,2290,1216,91,951,0,10,176,17,0,23,92,34,89,35,0,14,0,200,445,155,0,45,159,1,52,50,53,57,10,6.65,-9.51,4.63,6,20,-8.7,28.7,794,463,20.1,43.2,898,2004,4548,203,149,145,265,121,139,-36.2,38.1,-9999,800,205,53,11.77,1072,7.00261335082486
"54","WV-1",59,"RD",107.1,140.3,1979,"Monongalia, WV",39.66666667,80,2300,"",39.5,79.83333,32,"4/17/1979","5/20/1979",1978-09-03,1978-10-21,"Monongalia_WV",39.66666667,-80,701.04,5.6,16.5,27.4,18.1,-4.9,3.5,14.4,5.3,0.4,10,20.9,11.7,250,303,347,229,-9999,-9999,-9999,-9999,179,22,0,11,55,542,1464,659,1583,760,39,623,0,24,307,49,6,51,92,59,32,1,0,1,76,284,444,202,22,21,97,19,62,59,62,60,21.66,10.68,-3.01,0.94,10.7,21.7,0.1,21.7,1129,542,18.4,40.1,213,2720,3005,380,207,121,283,162,34,-27.2,36.7,-9999,1005,159,61,30.27,1513,5.61795653872302
"55","WV-1",28,"CR",109.7,139.6,1979,"Monongalia, WV",39.66666667,80,2300,"",39.666667,80,33,"4/19/1979","5/19/1979",NA,NA,"Monongalia_WV",39.66666667,-80,701.04,5.6,16.5,27.4,18.1,-4.9,3.5,14.4,5.3,0.4,10,20.9,11.7,250,303,347,229,-9999,-9999,-9999,-9999,179,22,0,11,55,542,1464,659,1583,760,39,623,0,24,307,49,6,51,92,59,32,1,0,1,76,284,444,202,22,21,97,19,62,59,62,60,21.66,10.68,-3.01,0.94,10.7,21.7,0.1,21.7,1129,542,18.4,40.1,213,2720,3005,380,207,121,283,162,34,-27.2,36.7,-9999,1005,159,61,30.27,1513,5.61795653872302
"56","WV-2",29,"CR",105.9,147.5,1979,"Wirt & Ritchie, WV",39,81.5,500,"",39.666667,80,33,"4/15/1979","5/27/1979",NA,NA,"Wirt & Ritchie_WV",39,-81.5,152.4,7.6,19.2,30.4,20.9,-3.7,4.7,16.1,6.3,1.9,12,23.3,13.6,256,290,322,203,-9999,-9999,-9999,-9999,122,14,0,7,86,690,1678,815,1441,613,14,506,0,53,493,99,7,58,92,61,16,0,0,0,89,323,496,234,25,67,174,61,60,56,59,56,20.7,5.79,-11.13,-5.97,12.7,24.2,1.9,22.3,1071,496,21.2,48.7,142,3268,2573,645,218,116,288,172,16,-25.6,39.6,-9999,1142,327,58,9.39,1952,5.48011088039781
"57","WV-2",60,"RD",103.3,148.3,1979,"Wirt & Ritchie, WV",39,81.5,500,"",39.5,79.83333,32,"4/13/1979","5/28/1979",1978-09-30,1978-10-26,"Wirt & Ritchie_WV",39,-81.5,152.4,7.6,19.2,30.4,20.9,-3.7,4.7,16.1,6.3,1.9,12,23.3,13.6,256,290,322,203,-9999,-9999,-9999,-9999,122,14,0,7,86,690,1678,815,1441,613,14,506,0,53,493,99,7,58,92,61,16,0,0,0,89,323,496,234,25,67,174,61,60,56,59,56,20.7,5.79,-11.13,-5.97,12.7,24.2,1.9,22.3,1071,496,21.2,48.7,142,3268,2573,645,218,116,288,172,16,-25.6,39.6,-9999,1142,327,58,9.39,1952,5.48011088039781
"58","WV-3",61,"RD",103.6,137,1979,"Tucker, WV",39.08333333,79.66666667,2900,"",39.5,79.83333,32,"4/13/1979","5/17/1979",1978-08-24,1978-10-15,"Tucker_WV",39.08333333,-79.66666667,883.92,3.9,14.9,25.5,16.8,-6.7,1.8,12.5,3.6,-1.4,8.3,19,10.2,305,374,474,273,-9999,-9999,-9999,-9999,267,38,0,18,36,436,1291,551,1742,908,85,734,0,14,184,27,4,37,92,49,83,6,0,2,0,270,425,197,0,0,0,0,60,58,61,59,28.41,20.28,12.72,6.88,9,19.9,-1.8,21.6,1426,728,13.3,27.3,322,2314,3469,224,181,131,275,145,91,-29.7,35.2,-9999,892,0,59,68.29,1210,5.49717287284554
"59","WV-3",30,"CR",106.2,138.5,1979,"Tucker, WV",39.08333333,79.66666667,2900,"",39.666667,80,33,"4/16/1979","5/18/1979",NA,NA,"Tucker_WV",39.08333333,-79.66666667,883.92,3.9,14.9,25.5,16.8,-6.7,1.8,12.5,3.6,-1.4,8.3,19,10.2,305,374,474,273,-9999,-9999,-9999,-9999,267,38,0,18,36,436,1291,551,1742,908,85,734,0,14,184,27,4,37,92,49,83,6,0,2,0,270,425,197,0,0,0,0,60,58,61,59,28.41,20.28,12.72,6.88,9,19.9,-1.8,21.6,1426,728,13.3,27.3,322,2314,3469,224,181,131,275,145,91,-29.7,35.2,-9999,892,0,59,68.29,1210,5.49717287284554
"60","WV-4",62,"RD",100.4,144.6,1979,"Greenbriar, WV",37.66666667,80.25,1700,"",39.5,79.83333,32,"4/10/1979","5/24/1979",1978-09-20,1978-10-20,"Greenbriar_WV",37.66666667,-80.25,518.16,7.9,18.9,29.1,20,-4.2,3.8,14.7,5.1,1.9,11.3,21.9,12.5,204,259,284,207,-9999,-9999,-9999,-9999,125,15,0,9,86,639,1555,729,1450,656,25,569,0,39,376,68,7,52,92,58,13,0,0,0,97,328,487,234,28,91,203,56,57,53,59,55,15.13,2.17,-13.78,-4.62,11.9,22.8,1.6,21.2,954,443,23,51.4,150,3008,2701,483,208,120,283,163,13,-26.6,38.1,-9999,1146,378,56,-1.1,1719,5.21335800947865
"61","WV-4",31,"CR",104.4,145.8,1979,"Greenbriar, WV",37.66666667,80.25,1700,"",39.666667,80,33,"4/14/1979","5/25/1979",NA,NA,"Greenbriar_WV",37.66666667,-80.25,518.16,7.9,18.9,29.1,20,-4.2,3.8,14.7,5.1,1.9,11.3,21.9,12.5,204,259,284,207,-9999,-9999,-9999,-9999,125,15,0,9,86,639,1555,729,1450,656,25,569,0,39,376,68,7,52,92,58,13,0,0,0,97,328,487,234,28,91,203,56,57,53,59,55,15.13,2.17,-13.78,-4.62,11.9,22.8,1.6,21.2,954,443,23,51.4,150,3008,2701,483,208,120,283,163,13,-26.6,38.1,-9999,1146,378,56,-1.1,1719,5.21335800947865
"62","WV-5",32,"CR",104,144.8,1979,"Wayne, WV",38,82.33333333,650,"",39.666667,80,33,"4/14/1979","5/24/1979",NA,NA,"Wayne_WV",38,-82.33333333,198.12,8.5,19.9,30.5,21.3,-3.3,5.5,16.8,7,2.6,12.7,23.7,14.1,275,309,321,210,-9999,-9999,-9999,-9999,104,11,0,5,103,749,1714,859,1383,555,12,464,0,65,528,110,8,60,92,62,12,0,0,0,98,332,494,241,28,64,174,63,59,56,61,57,21.73,6.74,-10.85,-5.79,13.3,24.4,2.3,22.1,1115,500,20.9,48.8,120,3426,2414,703,222,113,291,178,13,-25.1,39.7,-9999,1165,329,58,11.83,2061,5.27897432085598
"63","WV-5",63,"RD",101.2,142.9,1979,"Wayne, WV",38,82.33333333,650,"",39.5,79.83333,32,"4/11/1979","5/22/1979",1978-09-15,1978-10-21,"Wayne_WV",38,-82.33333333,198.12,8.5,19.9,30.5,21.3,-3.3,5.5,16.8,7,2.6,12.7,23.7,14.1,275,309,321,210,-9999,-9999,-9999,-9999,104,11,0,5,103,749,1714,859,1383,555,12,464,0,65,528,110,8,60,92,62,12,0,0,0,98,332,494,241,28,64,174,63,59,56,61,57,21.73,6.74,-10.85,-5.79,13.3,24.4,2.3,22.1,1115,500,20.9,48.8,120,3426,2414,703,222,113,291,178,13,-25.1,39.7,-9999,1165,329,58,11.83,2061,5.27897432085598
