"","seedSource","State.Province","Lat.Deg","Long.Deg","Elev.m","test","Perc_flowers","Avg_Bud_per_Tree","Perc_Wntr_Inj","Avg_Time_Flush","ID2","Latitude","Longitude","Elevation","Tmax_wt","Tmax_sp","Tmax_sm","Tmax_at","Tmin_wt","Tmin_sp","Tmin_sm","Tmin_at","Tave_wt","Tave_sp","Tave_sm","Tave_at","PPT_wt","PPT_sp","PPT_sm","PPT_at","Rad_wt","Rad_sp","Rad_sm","Rad_at","DD_0_wt","DD_0_sp","DD_0_sm","DD_0_at","DD5_wt","DD5_sp","DD5_sm","DD5_at","DD_18_wt","DD_18_sp","DD_18_sm","DD_18_at","DD18_wt","DD18_sp","DD18_sm","DD18_at","NFFD_wt","NFFD_sp","NFFD_sm","NFFD_at","PAS_wt","PAS_sp","PAS_sm","PAS_at","Eref_wt","Eref_sp","Eref_sm","Eref_at","CMD_wt","CMD_sp","CMD_sm","CMD_at","RH_wt","RH_sp","RH_sm","RH_at","CMI_wt","CMI_sp","CMI_sm","CMI_at","MAT","MWMT","MCMT","TD","MAP","MSP","AHM","SHM","DD_0","DD5","DD_18","DD18","NFFD","bFFP","eFFP","FFP","PAS","EMT","EXT","MAR","Eref","CMD","RH","CMI","DD1040","daylength_diff"
"1",106,"MS",33.3,-88.8,82,"OH",12,34,96,5,"MS",33.3,-88.8,82,13.8,24,33,24.8,2,11,20.4,11,7.9,17.5,26.7,17.9,400,358,289,238,-9999,-9999,-9999,-9999,26,2,0,1,354,1154,1994,1176,906,243,3,248,5,191,804,234,25,92,92,89,2,0,0,0,147,384,528,293,44,77,239,91,62,61,65,59,26.57,5.93,-17.87,-8.39,17.5,27.3,7.2,20.1,1285,455,21.4,60,29,4677,1401,1234,297,83,313,231,2,-18.3,41.3,-9999,1352,451,62,6.24,2979,4.41149003525319
"2",110,"AL",32.7,-85.5,15,"OH",2,0,98,4,"AL",32.7,-85.5,15,15.7,25.1,33.2,25.6,2.2,10.7,20.2,11.1,9,17.9,26.7,18.3,367,363,330,248,-9999,-9999,-9999,-9999,19,2,0,1,426,1191,1992,1215,813,218,3,222,7,202,802,245,26,92,92,89,1,0,0,0,167,412,536,306,51,103,207,81,57,57,64,57,19.63,3.58,-14.3,-8.87,18,27.1,8.3,18.8,1308,518,21.4,52.4,22,4824,1256,1256,299,83,315,232,1,-18.1,40.8,-9999,1422,442,59,0.03,3072,4.30871249179082
"3",111,"GA",33.7,-83.4,131,"OH",0,NA,87,3,"GA",33.7,-83.4,131,13.9,23.9,32.4,24.2,1.3,9.7,19.7,10.7,7.6,16.8,26,17.5,330,341,298,234,-9999,-9999,-9999,-9999,28,2,0,1,333,1092,1929,1136,936,275,4,263,4,164,741,211,18,88,92,86,2,0,0,0,148,393,520,282,44,98,223,68,59,58,64,59,19.34,3.04,-15.84,-7.43,17,26.5,7.1,19.4,1202,478,22.4,55.4,32,4491,1478,1120,284,90,310,221,2,-19.3,40.4,-9999,1343,433,60,-0.9,2813,4.48091265425712
"4",112,"AR",35.7,-93.2,427,"OH",56,91,36,7,"AR",35.7,-93.2,427,10,20.6,30.9,22,-1.9,8,18.5,8.9,4,14.3,24.7,15.4,265,388,301,293,-9999,-9999,-9999,-9999,74,6,0,3,150,881,1810,969,1255,431,8,376,0,93,624,145,8,65,92,70,6,0,0,0,115,335,492,252,34,0,191,21,60,61,65,60,18.7,13.99,-13.3,1.53,14.6,25.6,2.9,22.7,1247,549,19.7,46.6,83,3810,2070,862,236,106,300,194,7,-23.6,40.6,-9999,1194,246,61,20.91,2341,4.83965427053664
"5",113,"NC",35.7,-78.5,132,"OH",38,109,93,6,"NC",35.7,-78.5,132,11.8,22.5,31,23,-0.6,8.6,19.1,9.6,5.6,15.5,25,16.3,260,264,361,255,-9999,-9999,-9999,-9999,48,4,0,2,219,981,1841,1039,1113,353,6,319,0,125,653,169,12,76,92,78,3,0,0,0,126,366,486,258,38,111,125,32,59,58,66,60,15.95,-2.07,-5.29,-3.24,15.6,25.7,5,20.7,1139,551,22.5,46.7,54,4081,1791,947,258,99,303,204,3,-21.8,39.5,-9999,1235,306,61,5.35,2513,4.83965427053664
"6",115,"AR",34.3,-93.6,168,"MI",81,145,44,4,"AR",34.3,-93.6,168,12.8,23.1,33,24.4,-0.7,8.9,19.2,9.4,6.1,16,26.1,16.9,326,439,287,301,-9999,-9999,-9999,-9999,43,3,0,2,241,1025,1937,1093,1072,324,4,296,0,141,748,199,11,74,92,74,3,0,0,0,141,379,542,291,42,6,255,37,56,57,61,56,20.99,14.28,-20.53,-2.97,16.3,26.9,5,21.8,1352,546,19.4,49.2,48,4296,1696,1089,251,100,303,203,3,-22,42.2,-9999,1353,340,58,11.77,2702,4.58645330830932
"7",115,"AR",34.3,-93.6,168,"OH",31,70,96,7,"AR",34.3,-93.6,168,12.8,23.1,33,24.4,-0.7,8.9,19.2,9.4,6.1,16,26.1,16.9,326,439,287,301,-9999,-9999,-9999,-9999,43,3,0,2,241,1025,1937,1093,1072,324,4,296,0,141,748,199,11,74,92,74,3,0,0,0,141,379,542,291,42,6,255,37,56,57,61,56,20.99,14.28,-20.53,-2.97,16.3,26.9,5,21.8,1352,546,19.4,49.2,48,4296,1696,1089,251,100,303,203,3,-22,42.2,-9999,1353,340,58,11.77,2702,4.58645330830932
"8",116,"NC",35.7,-82.8,549,"MI",42,60,17,6,"NC",35.7,-82.8,549,10,20.3,29,20.8,-2.9,5.2,15.2,5.9,3.5,12.7,22.1,13.3,227,261,296,171,-9999,-9999,-9999,-9999,82,8,0,6,132,743,1572,790,1299,540,23,504,0,52,388,77,8,60,92,60,6,0,0,0,117,349,486,251,35,118,190,89,56,54,60,55,15.08,0.04,-11.66,-9.7,12.9,22.8,3.1,19.7,955,425,24,53.7,96,3237,2366,518,220,116,287,172,7,-25.2,37.6,-9999,1203,432,56,-6.24,1835,4.83965427053664
"9",116,"NC",35.7,-82.8,549,"OH",28,35,60,8,"NC",35.7,-82.8,549,10,20.3,29,20.8,-2.9,5.2,15.2,5.9,3.5,12.7,22.1,13.3,227,261,296,171,-9999,-9999,-9999,-9999,82,8,0,6,132,743,1572,790,1299,540,23,504,0,52,388,77,8,60,92,60,6,0,0,0,117,349,486,251,35,118,190,89,56,54,60,55,15.08,0.04,-11.66,-9.7,12.9,22.8,3.1,19.7,955,425,24,53.7,96,3237,2366,518,220,116,287,172,7,-25.2,37.6,-9999,1203,432,56,-6.24,1835,4.83965427053664
"10",117,"KY",37.6,-84.9,274,"MI",95,191,11,5,"KY",37.6,-84.9,274,7.8,19.5,30,20.9,-3.2,6.6,17.2,7.5,2.3,13,23.6,14.2,293,327,319,224,-9999,-9999,-9999,-9999,113,9,0,6,98,776,1708,867,1409,528,12,460,0,70,522,114,7,62,92,63,16,0,0,0,94,320,480,237,28,46,161,63,61,60,63,59,24.13,9.72,-9.27,-3.52,13.3,24.3,1.5,22.8,1163,498,20,48.9,128,3448,2409,706,224,111,293,182,16,-24.9,39.6,-9999,1131,298,61,21.06,2076,5.20031759346863
"11",117,"KY",37.6,-84.9,274,"OH",66,14,59,6,"KY",37.6,-84.9,274,7.8,19.5,30,20.9,-3.2,6.6,17.2,7.5,2.3,13,23.6,14.2,293,327,319,224,-9999,-9999,-9999,-9999,113,9,0,6,98,776,1708,867,1409,528,12,460,0,70,522,114,7,62,92,63,16,0,0,0,94,320,480,237,28,46,161,63,61,60,63,59,24.13,9.72,-9.27,-3.52,13.3,24.3,1.5,22.8,1163,498,20,48.9,128,3448,2409,706,224,111,293,182,16,-24.9,39.6,-9999,1131,298,61,21.06,2076,5.20031759346863
"12",118,"TN",35.3,-84.5,337,"MI",NA,146,42,5,"TN",35.3,-84.5,337,10.4,21.4,30.5,22,-1.8,6.8,17.1,7.6,4.3,14.1,23.8,14.8,407,363,336,284,-9999,-9999,-9999,-9999,68,6,0,4,161,857,1727,915,1233,445,11,416,0,83,541,127,9,64,92,63,9,0,0,0,120,360,502,262,35,61,166,34,59,56,62,57,32.54,9.04,-9.75,-0.01,14.2,24.5,3.5,21,1390,533,17.4,46,78,3660,2105,751,229,110,293,183,9,-23.5,39.4,-9999,1243,296,58,31.82,2185,4.76628259935027
"13",118,"TN",35.3,-84.5,337,"OH",46,260,82,6,"TN",35.3,-84.5,337,10.4,21.4,30.5,22,-1.8,6.8,17.1,7.6,4.3,14.1,23.8,14.8,407,363,336,284,-9999,-9999,-9999,-9999,68,6,0,4,161,857,1727,915,1233,445,11,416,0,83,541,127,9,64,92,63,9,0,0,0,120,360,502,262,35,61,166,34,59,56,62,57,32.54,9.04,-9.75,-0.01,14.2,24.5,3.5,21,1390,533,17.4,46,78,3660,2105,751,229,110,293,183,9,-23.5,39.4,-9999,1243,296,58,31.82,2185,4.76628259935027
"14",119,"VA",38,-78.5,165,"MI",89,110,79,4,"VA",38,-78.5,165,8.7,19.8,29.6,20.7,-2.8,6.5,17.3,8,2.9,13.1,23.5,14.4,212,260,330,254,-9999,-9999,-9999,-9999,96,9,0,4,113,778,1696,873,1354,520,13,436,0,68,510,103,8,62,92,67,8,0,0,0,98,322,466,226,28,79,136,6,60,59,65,61,15.24,2.88,-5.98,0.86,13.5,24.4,2.4,22,1057,528,22.2,46.2,109,3459,2323,682,229,110,295,184,8,-24.6,38.8,-9999,1111,249,61,13,2056,5.27897432085598
"15",119,"VA",38,-78.5,165,"OH",61,279,89,6,"VA",38,-78.5,165,8.7,19.8,29.6,20.7,-2.8,6.5,17.3,8,2.9,13.1,23.5,14.4,212,260,330,254,-9999,-9999,-9999,-9999,96,9,0,4,113,778,1696,873,1354,520,13,436,0,68,510,103,8,62,92,67,8,0,0,0,98,322,466,226,28,79,136,6,60,59,65,61,15.24,2.88,-5.98,0.86,13.5,24.4,2.4,22,1057,528,22.2,46.2,109,3459,2323,682,229,110,295,184,8,-24.6,38.8,-9999,1111,249,61,13,2056,5.27897432085598
"16",120,"MO",37.3,-91,366,"IN",22,37,15,NA,"MO",37.3,-91,366,8,20.1,30.6,21.1,-4.5,6.1,17,6.8,1.7,13.1,23.8,14,214,347,263,261,-9999,-9999,-9999,-9999,132,10,0,6,86,782,1731,847,1461,525,12,472,0,71,545,104,5,61,92,62,14,0,0,0,99,333,497,242,29,14,235,27,56,57,61,57,16.25,10.27,-17.7,-0.53,13.2,24.8,0.5,24.3,1086,496,21.3,50.1,148,3446,2468,720,220,113,291,178,15,-27,40.7,-9999,1172,305,58,8.29,2086,5.14197170828922
"17",120,"MO",37.3,-91,366,"MI",91,130,14,5,"MO",37.3,-91,366,8,20.1,30.6,21.1,-4.5,6.1,17,6.8,1.7,13.1,23.8,14,214,347,263,261,-9999,-9999,-9999,-9999,132,10,0,6,86,782,1731,847,1461,525,12,472,0,71,545,104,5,61,92,62,14,0,0,0,99,333,497,242,29,14,235,27,56,57,61,57,16.25,10.27,-17.7,-0.53,13.2,24.8,0.5,24.3,1086,496,21.3,50.1,148,3446,2468,720,220,113,291,178,15,-27,40.7,-9999,1172,305,58,8.29,2086,5.14197170828922
"18",120,"MO",37.3,-91,366,"OH",79,233,26,6,"MO",37.3,-91,366,8,20.1,30.6,21.1,-4.5,6.1,17,6.8,1.7,13.1,23.8,14,214,347,263,261,-9999,-9999,-9999,-9999,132,10,0,6,86,782,1731,847,1461,525,12,472,0,71,545,104,5,61,92,62,14,0,0,0,99,333,497,242,29,14,235,27,56,57,61,57,16.25,10.27,-17.7,-0.53,13.2,24.8,0.5,24.3,1086,496,21.3,50.1,148,3446,2468,720,220,113,291,178,15,-27,40.7,-9999,1172,305,58,8.29,2086,5.14197170828922
"19",121,"NC",35,-84,1067,"OH",35,137,65,6,"NC",35,-84,1067,11.2,19.5,27.9,21,-2.7,5.1,14.3,5.8,4.2,12.3,21.1,13.4,442,403,375,304,-9999,-9999,-9999,-9999,69,9,0,5,152,705,1480,791,1239,567,35,491,0,38,319,69,8,60,92,60,9,0,0,0,128,339,473,257,38,42,97,16,54,56,61,54,34.57,14.53,-3.29,1.53,12.8,21.6,3.8,17.8,1524,584,14.9,37,82,3129,2331,426,221,115,287,172,10,-25.1,36.2,-9999,1197,193,56,47.34,1709,4.71180260466836
"20",122,"VA",37.9,-76.8,6,"MI",97,171,70,5,"VA",37.9,-76.8,6,8.9,19.8,30.2,21.4,-1.7,7.3,18.7,9.7,3.6,13.5,24.5,15.5,223,250,315,239,-9999,-9999,-9999,-9999,80,8,0,3,136,815,1788,973,1290,494,9,367,0,82,602,143,10,64,92,81,6,0,0,0,97,317,462,225,29,85,145,20,64,62,67,64,15.95,2.52,-6.97,-0.75,14.3,25.4,3,22.4,1027,499,23.7,51,91,3711,2161,827,247,104,302,198,6,-22.8,39.5,-9999,1101,279,64,10.76,2265,5.2592164051824
"21",122,"VA",37.9,-76.8,6,"WI",0,NA,100,NA,"VA",37.9,-76.8,6,8.9,19.8,30.2,21.4,-1.7,7.3,18.7,9.7,3.6,13.5,24.5,15.5,223,250,315,239,-9999,-9999,-9999,-9999,80,8,0,3,136,815,1788,973,1290,494,9,367,0,82,602,143,10,64,92,81,6,0,0,0,97,317,462,225,29,85,145,20,64,62,67,64,15.95,2.52,-6.97,-0.75,14.3,25.4,3,22.4,1027,499,23.7,51,91,3711,2161,827,247,104,302,198,6,-22.8,39.5,-9999,1101,279,64,10.76,2265,5.2592164051824
"22",122,"VA",37.9,-76.8,6,"IN",49,252,15,NA,"VA",37.9,-76.8,6,8.9,19.8,30.2,21.4,-1.7,7.3,18.7,9.7,3.6,13.5,24.5,15.5,223,250,315,239,-9999,-9999,-9999,-9999,80,8,0,3,136,815,1788,973,1290,494,9,367,0,82,602,143,10,64,92,81,6,0,0,0,97,317,462,225,29,85,145,20,64,62,67,64,15.95,2.52,-6.97,-0.75,14.3,25.4,3,22.4,1027,499,23.7,51,91,3711,2161,827,247,104,302,198,6,-22.8,39.5,-9999,1101,279,64,10.76,2265,5.2592164051824
"23",122,"VA",37.9,-76.8,6,"MN",30,119,81,3,"VA",37.9,-76.8,6,8.9,19.8,30.2,21.4,-1.7,7.3,18.7,9.7,3.6,13.5,24.5,15.5,223,250,315,239,-9999,-9999,-9999,-9999,80,8,0,3,136,815,1788,973,1290,494,9,367,0,82,602,143,10,64,92,81,6,0,0,0,97,317,462,225,29,85,145,20,64,62,67,64,15.95,2.52,-6.97,-0.75,14.3,25.4,3,22.4,1027,499,23.7,51,91,3711,2161,827,247,104,302,198,6,-22.8,39.5,-9999,1101,279,64,10.76,2265,5.2592164051824
"24",122,"VA",37.9,-76.8,6,"OH",58,468,89,6,"VA",37.9,-76.8,6,8.9,19.8,30.2,21.4,-1.7,7.3,18.7,9.7,3.6,13.5,24.5,15.5,223,250,315,239,-9999,-9999,-9999,-9999,80,8,0,3,136,815,1788,973,1290,494,9,367,0,82,602,143,10,64,92,81,6,0,0,0,97,317,462,225,29,85,145,20,64,62,67,64,15.95,2.52,-6.97,-0.75,14.3,25.4,3,22.4,1027,499,23.7,51,91,3711,2161,827,247,104,302,198,6,-22.8,39.5,-9999,1101,279,64,10.76,2265,5.2592164051824
"25",123,"TN",36.1,-82.7,610,"OH",43,109,37,6,"TN",36.1,-82.7,610,9.4,19.7,28.9,20.7,-2.8,5.4,15.5,6.2,3.3,12.6,22.2,13.5,282,300,353,218,-9999,-9999,-9999,-9999,87,9,0,6,125,729,1580,800,1318,555,22,499,0,51,396,82,8,61,92,61,9,0,0,0,111,338,480,247,33,72,128,57,58,56,61,56,21.14,5.08,-5.7,-4.81,12.9,22.8,2.9,20,1153,527,19.8,43.4,102,3234,2394,529,222,114,289,175,9,-24.9,37.6,-9999,1175,290,58,15.72,1846,4.91388397706512
"26",123,"TN",36.1,-82.7,610,"MI",61,58,18,5,"TN",36.1,-82.7,610,9.4,19.7,28.9,20.7,-2.8,5.4,15.5,6.2,3.3,12.6,22.2,13.5,282,300,353,218,-9999,-9999,-9999,-9999,87,9,0,6,125,729,1580,800,1318,555,22,499,0,51,396,82,8,61,92,61,9,0,0,0,111,338,480,247,33,72,128,57,58,56,61,56,21.14,5.08,-5.7,-4.81,12.9,22.8,2.9,20,1153,527,19.8,43.4,102,3234,2394,529,222,114,289,175,9,-24.9,37.6,-9999,1175,290,58,15.72,1846,4.91388397706512
"27",124,"NC",35.1,-84.1,507,"IN",7,3,17,NA,"NC",35.1,-84.1,507,11,21,29.7,21.8,-2.1,5.9,16,6.8,4.4,13.5,22.8,14.3,388,354,368,256,-9999,-9999,-9999,-9999,65,7,0,4,165,801,1639,873,1218,485,17,437,0,64,455,104,9,62,92,62,8,0,0,0,126,360,497,263,37,63,129,55,56,54,61,55,29.81,8.1,-5.92,-3.07,13.8,23.5,3.8,19.7,1367,550,17.4,42.7,76,3479,2158,622,225,113,291,178,8,-24.1,38.4,-9999,1246,284,56,28.93,2014,4.72991106864518
"28",124,"NC",35.1,-84.1,507,"MI",75,64,36,5,"NC",35.1,-84.1,507,11,21,29.7,21.8,-2.1,5.9,16,6.8,4.4,13.5,22.8,14.3,388,354,368,256,-9999,-9999,-9999,-9999,65,7,0,4,165,801,1639,873,1218,485,17,437,0,64,455,104,9,62,92,62,8,0,0,0,126,360,497,263,37,63,129,55,56,54,61,55,29.81,8.1,-5.92,-3.07,13.8,23.5,3.8,19.7,1367,550,17.4,42.7,76,3479,2158,622,225,113,291,178,8,-24.1,38.4,-9999,1246,284,56,28.93,2014,4.72991106864518
"29",124,"NC",35.1,-84.1,507,"OH",57,132,63,6,"NC",35.1,-84.1,507,11,21,29.7,21.8,-2.1,5.9,16,6.8,4.4,13.5,22.8,14.3,388,354,368,256,-9999,-9999,-9999,-9999,65,7,0,4,165,801,1639,873,1218,485,17,437,0,64,455,104,9,62,92,62,8,0,0,0,126,360,497,263,37,63,129,55,56,54,61,55,29.81,8.1,-5.92,-3.07,13.8,23.5,3.8,19.7,1367,550,17.4,42.7,76,3479,2158,622,225,113,291,178,8,-24.1,38.4,-9999,1246,284,56,28.93,2014,4.72991106864518
"30",124,"NC",35.1,-84.1,507,"WI",0,NA,100,NA,"NC",35.1,-84.1,507,11,21,29.7,21.8,-2.1,5.9,16,6.8,4.4,13.5,22.8,14.3,388,354,368,256,-9999,-9999,-9999,-9999,65,7,0,4,165,801,1639,873,1218,485,17,437,0,64,455,104,9,62,92,62,8,0,0,0,126,360,497,263,37,63,129,55,56,54,61,55,29.81,8.1,-5.92,-3.07,13.8,23.5,3.8,19.7,1367,550,17.4,42.7,76,3479,2158,622,225,113,291,178,8,-24.1,38.4,-9999,1246,284,56,28.93,2014,4.72991106864518
"31",127,"DE",39.7,-78.5,213,"OH",86,439,36,6,"DE",39.7,-78.5,213,5.6,18.2,29.6,19.6,-5.1,4,14.8,5.3,0.2,11.1,22.2,12.4,181,252,256,202,-9999,-9999,-9999,-9999,186,18,0,9,57,625,1584,720,1595,681,23,571,0,41,400,64,5,54,92,59,24,1,0,0,53,307,489,218,22,82,233,47,61,56,58,57,14.97,3.72,-16.88,-3.73,11.5,23.2,-0.5,23.7,891,413,24.1,56.2,212,2986,2869,504,210,122,284,162,25,-27.4,39.3,-9999,1068,384,58,-1.92,1730,5.62493106986501
"32",128,"OH",39.4,-82.5,274,"WI",13,37,94,NA,"OH",39.4,-82.5,274,4.9,17.7,29.1,19.3,-6.2,3.6,14.7,5,-0.6,10.7,21.9,12.1,207,295,274,199,-9999,-9999,-9999,-9999,227,21,0,11,47,600,1551,702,1674,713,26,595,0,37,370,61,4,52,92,57,41,1,0,1,0,303,480,219,0,45,206,55,59,56,59,56,18.13,8.74,-13.7,-3.91,11,22.7,-1.5,24.2,975,450,21.6,50.4,259,2899,3008,468,205,122,282,160,43,-28.8,39,-9999,1002,306,57,9.26,1671,5.56244511736517
"33",128,"OH",39.4,-82.5,274,"MI",82,84,6,5,"OH",39.4,-82.5,274,4.9,17.7,29.1,19.3,-6.2,3.6,14.7,5,-0.6,10.7,21.9,12.1,207,295,274,199,-9999,-9999,-9999,-9999,227,21,0,11,47,600,1551,702,1674,713,26,595,0,37,370,61,4,52,92,57,41,1,0,1,0,303,480,219,0,45,206,55,59,56,59,56,18.13,8.74,-13.7,-3.91,11,22.7,-1.5,24.2,975,450,21.6,50.4,259,2899,3008,468,205,122,282,160,43,-28.8,39,-9999,1002,306,57,9.26,1671,5.56244511736517
"34",128,"OH",39.4,-82.5,274,"OH",69,191,34,6,"OH",39.4,-82.5,274,4.9,17.7,29.1,19.3,-6.2,3.6,14.7,5,-0.6,10.7,21.9,12.1,207,295,274,199,-9999,-9999,-9999,-9999,227,21,0,11,47,600,1551,702,1674,713,26,595,0,37,370,61,4,52,92,57,41,1,0,1,0,303,480,219,0,45,206,55,59,56,59,56,18.13,8.74,-13.7,-3.91,11,22.7,-1.5,24.2,975,450,21.6,50.4,259,2899,3008,468,205,122,282,160,43,-28.8,39,-9999,1002,306,57,9.26,1671,5.56244511736517
"35",128,"OH",39.4,-82.5,274,"IN",3,230,22,NA,"OH",39.4,-82.5,274,4.9,17.7,29.1,19.3,-6.2,3.6,14.7,5,-0.6,10.7,21.9,12.1,207,295,274,199,-9999,-9999,-9999,-9999,227,21,0,11,47,600,1551,702,1674,713,26,595,0,37,370,61,4,52,92,57,41,1,0,1,0,303,480,219,0,45,206,55,59,56,59,56,18.13,8.74,-13.7,-3.91,11,22.7,-1.5,24.2,975,450,21.6,50.4,259,2899,3008,468,205,122,282,160,43,-28.8,39,-9999,1002,306,57,9.26,1671,5.56244511736517
"36",128,"OH",39.4,-82.5,274,"MN",68,80,27,3,"OH",39.4,-82.5,274,4.9,17.7,29.1,19.3,-6.2,3.6,14.7,5,-0.6,10.7,21.9,12.1,207,295,274,199,-9999,-9999,-9999,-9999,227,21,0,11,47,600,1551,702,1674,713,26,595,0,37,370,61,4,52,92,57,41,1,0,1,0,303,480,219,0,45,206,55,59,56,59,56,18.13,8.74,-13.7,-3.91,11,22.7,-1.5,24.2,975,450,21.6,50.4,259,2899,3008,468,205,122,282,160,43,-28.8,39,-9999,1002,306,57,9.26,1671,5.56244511736517
"37",132,"GA",34.9,-84.6,838,"OH",11,175,11,3,"GA",34.9,-84.6,838,7.4,18.3,27.5,19.3,-2.5,6.3,16.4,7.9,2.5,12.3,22,13.6,580,485,417,372,-9999,-9999,-9999,-9999,109,11,0,7,106,717,1560,819,1395,579,25,490,0,53,381,91,8,62,92,63,28,0,0,0,100,312,437,227,30,19,27,0,65,62,67,64,52.69,26.61,5.73,14.15,12.6,22.6,1.7,21,1854,661,12.2,34.2,126,3202,2489,526,225,113,296,183,29,-24.5,36.7,-9999,1076,76,65,99.18,1843,4.69374519746641
"38",133,"IN",39,-86.3,229,"OH",58,148,60,5,"IN",39,-86.3,229,5.6,18.4,30,20.1,-4.8,5.6,16.7,6.8,0.4,12,23.3,13.4,228,313,294,218,-9999,-9999,-9999,-9999,180,14,0,8,61,702,1686,808,1581,608,13,514,0,58,500,96,5,61,92,62,29,0,0,0,55,304,480,223,23,32,186,54,62,60,62,59,19.53,10.08,-12.2,-2.65,12.3,24.2,-0.7,24.9,1053,475,21.2,51,203,3256,2717,654,219,114,290,176,30,-27.1,40.1,-9999,1062,295,61,14.76,1961,5.48011088039781
"39",133,"IN",39,-86.3,229,"MI",53,70,56,5,"IN",39,-86.3,229,5.6,18.4,30,20.1,-4.8,5.6,16.7,6.8,0.4,12,23.3,13.4,228,313,294,218,-9999,-9999,-9999,-9999,180,14,0,8,61,702,1686,808,1581,608,13,514,0,58,500,96,5,61,92,62,29,0,0,0,55,304,480,223,23,32,186,54,62,60,62,59,19.53,10.08,-12.2,-2.65,12.3,24.2,-0.7,24.9,1053,475,21.2,51,203,3256,2717,654,219,114,290,176,30,-27.1,40.1,-9999,1062,295,61,14.76,1961,5.48011088039781
"40",134,"OH",40.6,-82.2,305,"WI",20,15,100,NA,"OH",40.6,-82.2,305,2.8,15.5,27.9,17.8,-6.9,2.7,14.3,5,-2.1,9.1,21.1,11.4,186,275,273,193,-9999,-9999,-9999,-9999,307,33,0,14,32,498,1481,648,1801,838,36,647,0,24,319,50,3,44,92,58,64,3,0,1,0,270,453,197,0,28,179,40,63,59,60,60,17.11,10.22,-10.57,-1.68,9.9,22,-3,24.9,926,448,21.5,49,354,2660,3321,393,197,125,282,157,67,-29.5,38.3,-9999,920,247,60,15.08,1506,5.81632716302832
"41",134,"OH",40.6,-82.2,305,"IN",11,31,14,NA,"OH",40.6,-82.2,305,2.8,15.5,27.9,17.8,-6.9,2.7,14.3,5,-2.1,9.1,21.1,11.4,186,275,273,193,-9999,-9999,-9999,-9999,307,33,0,14,32,498,1481,648,1801,838,36,647,0,24,319,50,3,44,92,58,64,3,0,1,0,270,453,197,0,28,179,40,63,59,60,60,17.11,10.22,-10.57,-1.68,9.9,22,-3,24.9,926,448,21.5,49,354,2660,3321,393,197,125,282,157,67,-29.5,38.3,-9999,920,247,60,15.08,1506,5.81632716302832
"42",134,"OH",40.6,-82.2,305,"OH",74,217,21,4,"OH",40.6,-82.2,305,2.8,15.5,27.9,17.8,-6.9,2.7,14.3,5,-2.1,9.1,21.1,11.4,186,275,273,193,-9999,-9999,-9999,-9999,307,33,0,14,32,498,1481,648,1801,838,36,647,0,24,319,50,3,44,92,58,64,3,0,1,0,270,453,197,0,28,179,40,63,59,60,60,17.11,10.22,-10.57,-1.68,9.9,22,-3,24.9,926,448,21.5,49,354,2660,3321,393,197,125,282,157,67,-29.5,38.3,-9999,920,247,60,15.08,1506,5.81632716302832
"43",134,"OH",40.6,-82.2,305,"MI",89,121,5,6,"OH",40.6,-82.2,305,2.8,15.5,27.9,17.8,-6.9,2.7,14.3,5,-2.1,9.1,21.1,11.4,186,275,273,193,-9999,-9999,-9999,-9999,307,33,0,14,32,498,1481,648,1801,838,36,647,0,24,319,50,3,44,92,58,64,3,0,1,0,270,453,197,0,28,179,40,63,59,60,60,17.11,10.22,-10.57,-1.68,9.9,22,-3,24.9,926,448,21.5,49,354,2660,3321,393,197,125,282,157,67,-29.5,38.3,-9999,920,247,60,15.08,1506,5.81632716302832
"44",134,"OH",40.6,-82.2,305,"MN",75,104,17,2,"OH",40.6,-82.2,305,2.8,15.5,27.9,17.8,-6.9,2.7,14.3,5,-2.1,9.1,21.1,11.4,186,275,273,193,-9999,-9999,-9999,-9999,307,33,0,14,32,498,1481,648,1801,838,36,647,0,24,319,50,3,44,92,58,64,3,0,1,0,270,453,197,0,28,179,40,63,59,60,60,17.11,10.22,-10.57,-1.68,9.9,22,-3,24.9,926,448,21.5,49,354,2660,3321,393,197,125,282,157,67,-29.5,38.3,-9999,920,247,60,15.08,1506,5.81632716302832
"45",135,"WV",39.1,-79.7,671,"OH",57,135,15,6,"WV",39.1,-79.7,671,4.8,16.4,26.8,18,-6.7,2.1,12.8,3.7,-0.9,9.3,19.8,10.8,277,335,398,257,-9999,-9999,-9999,-9999,240,28,0,14,42,496,1360,598,1698,823,62,682,0,19,232,35,3,40,92,48,61,2,0,1,0,292,449,209,0,19,51,3,57,55,59,56,25.2,13.77,2.38,3.54,9.7,20.6,-1.4,22,1268,616,15.6,33.4,283,2495,3265,286,183,130,276,146,65,-29.6,36.3,-9999,950,73,57,44.88,1339,5.50059097473008
"46",135,"WV",39.1,-79.7,671,"MI",91,60,4,5,"WV",39.1,-79.7,671,4.8,16.4,26.8,18,-6.7,2.1,12.8,3.7,-0.9,9.3,19.8,10.8,277,335,398,257,-9999,-9999,-9999,-9999,240,28,0,14,42,496,1360,598,1698,823,62,682,0,19,232,35,3,40,92,48,61,2,0,1,0,292,449,209,0,19,51,3,57,55,59,56,25.2,13.77,2.38,3.54,9.7,20.6,-1.4,22,1268,616,15.6,33.4,283,2495,3265,286,183,130,276,146,65,-29.6,36.3,-9999,950,73,57,44.88,1339,5.50059097473008
"47",136,"TN",36,-85,559,"MI",95,115,53,5,"TN",36,-85,559,8.3,19.2,28.5,20.1,-2.6,6.5,16.2,7,2.9,12.8,22.3,13.6,394,354,330,271,-9999,-9999,-9999,-9999,98,9,0,6,112,753,1593,810,1361,538,21,495,0,58,408,88,8,62,92,63,16,0,0,0,103,321,461,236,30,48,131,34,62,61,64,60,33.5,12.46,-5.48,2.38,12.9,23,2.2,20.9,1349,517,17,44.5,113,3268,2415,554,225,113,291,178,16,-24.5,37.7,-9999,1121,243,62,42.85,1888,4.89524477896982
"48",136,"TN",36,-85,559,"OH",51,195,61,7,"TN",36,-85,559,8.3,19.2,28.5,20.1,-2.6,6.5,16.2,7,2.9,12.8,22.3,13.6,394,354,330,271,-9999,-9999,-9999,-9999,98,9,0,6,112,753,1593,810,1361,538,21,495,0,58,408,88,8,62,92,63,16,0,0,0,103,321,461,236,30,48,131,34,62,61,64,60,33.5,12.46,-5.48,2.38,12.9,23,2.2,20.9,1349,517,17,44.5,113,3268,2415,554,225,113,291,178,16,-24.5,37.7,-9999,1121,243,62,42.85,1888,4.89524477896982
"49",137,"MI",42.7,-84.5,265,"OH",76,230,23,5,"MI",42.7,-84.5,265,0.2,13.6,27.3,16.1,-8.3,1.8,14.2,4.9,-4,7.7,20.7,10.5,127,213,237,189,-9999,-9999,-9999,-9999,442,57,0,21,19,423,1445,589,1975,966,43,714,0,18,294,38,2,39,92,58,74,8,0,2,0,240,431,169,0,41,194,21,65,61,62,64,12.3,7.08,-12.09,1.03,8.7,21.6,-5.2,26.8,766,386,24.4,55.9,519,2475,3698,350,191,127,281,155,83,-30.7,38.3,-9999,840,256,63,8.32,1395,6.28796415220316
"50",137,"MI",42.7,-84.5,265,"WI",5,16,100,NA,"MI",42.7,-84.5,265,0.2,13.6,27.3,16.1,-8.3,1.8,14.2,4.9,-4,7.7,20.7,10.5,127,213,237,189,-9999,-9999,-9999,-9999,442,57,0,21,19,423,1445,589,1975,966,43,714,0,18,294,38,2,39,92,58,74,8,0,2,0,240,431,169,0,41,194,21,65,61,62,64,12.3,7.08,-12.09,1.03,8.7,21.6,-5.2,26.8,766,386,24.4,55.9,519,2475,3698,350,191,127,281,155,83,-30.7,38.3,-9999,840,256,63,8.32,1395,6.28796415220316
"51",137,"MI",42.7,-84.5,265,"MI",81,101,6,6,"MI",42.7,-84.5,265,0.2,13.6,27.3,16.1,-8.3,1.8,14.2,4.9,-4,7.7,20.7,10.5,127,213,237,189,-9999,-9999,-9999,-9999,442,57,0,21,19,423,1445,589,1975,966,43,714,0,18,294,38,2,39,92,58,74,8,0,2,0,240,431,169,0,41,194,21,65,61,62,64,12.3,7.08,-12.09,1.03,8.7,21.6,-5.2,26.8,766,386,24.4,55.9,519,2475,3698,350,191,127,281,155,83,-30.7,38.3,-9999,840,256,63,8.32,1395,6.28796415220316
"52",137,"MI",42.7,-84.5,265,"IN",7,59,12,NA,"MI",42.7,-84.5,265,0.2,13.6,27.3,16.1,-8.3,1.8,14.2,4.9,-4,7.7,20.7,10.5,127,213,237,189,-9999,-9999,-9999,-9999,442,57,0,21,19,423,1445,589,1975,966,43,714,0,18,294,38,2,39,92,58,74,8,0,2,0,240,431,169,0,41,194,21,65,61,62,64,12.3,7.08,-12.09,1.03,8.7,21.6,-5.2,26.8,766,386,24.4,55.9,519,2475,3698,350,191,127,281,155,83,-30.7,38.3,-9999,840,256,63,8.32,1395,6.28796415220316
"53",138,"NJ",40.5,-74.5,290,"OH",77,259,47,5,"NJ",40.5,-74.5,290,3.9,16.1,28.7,19.1,-5.9,3.4,15.4,6.3,-1,9.7,22,12.7,239,277,323,258,-9999,-9999,-9999,-9999,245,26,0,8,43,534,1567,741,1702,783,26,551,0,29,391,67,4,49,92,62,53,2,0,0,0,276,459,202,0,42,137,13,63,59,61,61,21.71,9.47,-6.82,3.43,10.9,23.3,-1.9,25.2,1096,504,19,46.2,279,2886,3062,487,206,122,287,165,55,-28.1,38.9,-9999,938,192,61,27.78,1666,5.7947609224296
"54",139,"MN",44.9,-93.6,290,"IN",28,85,14,NA,"MN",44.9,-93.6,290,-3.7,12.3,27,14.1,-14.1,0.7,14.9,3.2,-8.9,6.5,21,8.6,62,191,292,155,-9999,-9999,-9999,-9999,826,108,0,59,6,406,1469,502,2415,1076,41,875,0,22,313,27,0,35,92,53,59,22,0,7,0,188,407,147,0,35,115,6,57,61,65,64,6.25,6.29,-5,0.24,6.8,22.1,-10.9,33,701,464,24,47.7,993,2383,4407,362,180,127,278,150,88,-37.1,39.7,-9999,742,156,62,7.78,1364,6.8253496853998
"55",139,"MN",44.9,-93.6,290,"MN",100,243,0,4,"MN",44.9,-93.6,290,-3.7,12.3,27,14.1,-14.1,0.7,14.9,3.2,-8.9,6.5,21,8.6,62,191,292,155,-9999,-9999,-9999,-9999,826,108,0,59,6,406,1469,502,2415,1076,41,875,0,22,313,27,0,35,92,53,59,22,0,7,0,188,407,147,0,35,115,6,57,61,65,64,6.25,6.29,-5,0.24,6.8,22.1,-10.9,33,701,464,24,47.7,993,2383,4407,362,180,127,278,150,88,-37.1,39.7,-9999,742,156,62,7.78,1364,6.8253496853998
"56",139,"MN",44.9,-93.6,290,"WI",29,34,76,NA,"MN",44.9,-93.6,290,-3.7,12.3,27,14.1,-14.1,0.7,14.9,3.2,-8.9,6.5,21,8.6,62,191,292,155,-9999,-9999,-9999,-9999,826,108,0,59,6,406,1469,502,2415,1076,41,875,0,22,313,27,0,35,92,53,59,22,0,7,0,188,407,147,0,35,115,6,57,61,65,64,6.25,6.29,-5,0.24,6.8,22.1,-10.9,33,701,464,24,47.7,993,2383,4407,362,180,127,278,150,88,-37.1,39.7,-9999,742,156,62,7.78,1364,6.8253496853998
"57",139,"MN",44.9,-93.6,290,"OH",89,396,9,7,"MN",44.9,-93.6,290,-3.7,12.3,27,14.1,-14.1,0.7,14.9,3.2,-8.9,6.5,21,8.6,62,191,292,155,-9999,-9999,-9999,-9999,826,108,0,59,6,406,1469,502,2415,1076,41,875,0,22,313,27,0,35,92,53,59,22,0,7,0,188,407,147,0,35,115,6,57,61,65,64,6.25,6.29,-5,0.24,6.8,22.1,-10.9,33,701,464,24,47.7,993,2383,4407,362,180,127,278,150,88,-37.1,39.7,-9999,742,156,62,7.78,1364,6.8253496853998
"58",139,"MN",44.9,-93.6,290,"MI",71,101,0,7,"MN",44.9,-93.6,290,-3.7,12.3,27,14.1,-14.1,0.7,14.9,3.2,-8.9,6.5,21,8.6,62,191,292,155,-9999,-9999,-9999,-9999,826,108,0,59,6,406,1469,502,2415,1076,41,875,0,22,313,27,0,35,92,53,59,22,0,7,0,188,407,147,0,35,115,6,57,61,65,64,6.25,6.29,-5,0.24,6.8,22.1,-10.9,33,701,464,24,47.7,993,2383,4407,362,180,127,278,150,88,-37.1,39.7,-9999,742,156,62,7.78,1364,6.8253496853998
"59",140,"WV",38.2,-80.4,1067,"OH",58,116,12,6,"WV",38.2,-80.4,1067,3.5,14.6,24.5,16.5,-7.5,1.6,12.2,3.7,-2,8.1,18.3,10.1,317,357,410,286,-9999,-9999,-9999,-9999,301,39,0,19,34,421,1227,543,1793,926,110,744,0,12,142,26,3,38,92,51,105,6,0,2,0,268,407,198,0,4,10,0,58,58,63,59,29.94,19.02,8.4,8.52,8.6,19,-2.7,21.8,1370,638,13.6,29.8,359,2225,3573,180,183,131,276,145,114,-30.7,34.4,-9999,873,14,60,65.88,1128,5.3186803840673
"60",141,"MI",42.4,-85.3,274,"WI",5,1,100,NA,"MI",42.4,-85.3,274,0.8,14.3,27.9,16.7,-7.7,2.2,14.6,5.2,-3.4,8.2,21.2,10.9,143,246,252,226,-9999,-9999,-9999,-9999,399,48,0,18,22,454,1492,618,1923,918,35,684,0,21,329,44,2,41,92,59,72,5,0,2,0,250,441,175,0,33,190,11,65,61,61,64,13.68,9.24,-12.05,3.81,9.2,22.2,-4.6,26.7,867,425,22.2,52.2,466,2586,3560,394,194,125,283,157,79,-30.1,38.7,-9999,866,234,63,14.68,1479,6.21828361734679
"61",141,"MI",42.4,-85.3,274,"MI",78,118,0,5,"MI",42.4,-85.3,274,0.8,14.3,27.9,16.7,-7.7,2.2,14.6,5.2,-3.4,8.2,21.2,10.9,143,246,252,226,-9999,-9999,-9999,-9999,399,48,0,18,22,454,1492,618,1923,918,35,684,0,21,329,44,2,41,92,59,72,5,0,2,0,250,441,175,0,33,190,11,65,61,61,64,13.68,9.24,-12.05,3.81,9.2,22.2,-4.6,26.7,867,425,22.2,52.2,466,2586,3560,394,194,125,283,157,79,-30.1,38.7,-9999,866,234,63,14.68,1479,6.21828361734679
"62",141,"MI",42.4,-85.3,274,"OH",73,224,10,4,"MI",42.4,-85.3,274,0.8,14.3,27.9,16.7,-7.7,2.2,14.6,5.2,-3.4,8.2,21.2,10.9,143,246,252,226,-9999,-9999,-9999,-9999,399,48,0,18,22,454,1492,618,1923,918,35,684,0,21,329,44,2,41,92,59,72,5,0,2,0,250,441,175,0,33,190,11,65,61,61,64,13.68,9.24,-12.05,3.81,9.2,22.2,-4.6,26.7,867,425,22.2,52.2,466,2586,3560,394,194,125,283,157,79,-30.1,38.7,-9999,866,234,63,14.68,1479,6.21828361734679
"63",141,"MI",42.4,-85.3,274,"IN",18,104,12,NA,"MI",42.4,-85.3,274,0.8,14.3,27.9,16.7,-7.7,2.2,14.6,5.2,-3.4,8.2,21.2,10.9,143,246,252,226,-9999,-9999,-9999,-9999,399,48,0,18,22,454,1492,618,1923,918,35,684,0,21,329,44,2,41,92,59,72,5,0,2,0,250,441,175,0,33,190,11,65,61,61,64,13.68,9.24,-12.05,3.81,9.2,22.2,-4.6,26.7,867,425,22.2,52.2,466,2586,3560,394,194,125,283,157,79,-30.1,38.7,-9999,866,234,63,14.68,1479,6.21828361734679
"64",142,"PA",40.7,-77.9,518,"OH",70,100,27,3,"PA",40.7,-77.9,518,1.7,14.3,26.7,16.3,-7.4,2.1,13.2,4.4,-2.9,8.2,19.9,10.3,190,272,277,227,-9999,-9999,-9999,-9999,359,44,0,18,27,442,1375,566,1874,920,59,725,0,18,243,31,3,40,92,55,84,6,0,2,0,256,437,183,0,26,160,21,64,60,61,62,18.01,11.51,-8.4,3.9,8.9,21,-3.6,24.6,966,450,19.6,46.7,422,2409,3579,293,189,129,279,149,92,-30.1,36.9,-9999,875,207,62,25.02,1313,5.8379703509554
"65",142,"PA",40.7,-77.9,518,"MI",92,55,15,3,"PA",40.7,-77.9,518,1.7,14.3,26.7,16.3,-7.4,2.1,13.2,4.4,-2.9,8.2,19.9,10.3,190,272,277,227,-9999,-9999,-9999,-9999,359,44,0,18,27,442,1375,566,1874,920,59,725,0,18,243,31,3,40,92,55,84,6,0,2,0,256,437,183,0,26,160,21,64,60,61,62,18.01,11.51,-8.4,3.9,8.9,21,-3.6,24.6,966,450,19.6,46.7,422,2409,3579,293,189,129,279,149,92,-30.1,36.9,-9999,875,207,62,25.02,1313,5.8379703509554
"66",142,"PA",40.7,-77.9,518,"WI",13,1,100,NA,"PA",40.7,-77.9,518,1.7,14.3,26.7,16.3,-7.4,2.1,13.2,4.4,-2.9,8.2,19.9,10.3,190,272,277,227,-9999,-9999,-9999,-9999,359,44,0,18,27,442,1375,566,1874,920,59,725,0,18,243,31,3,40,92,55,84,6,0,2,0,256,437,183,0,26,160,21,64,60,61,62,18.01,11.51,-8.4,3.9,8.9,21,-3.6,24.6,966,450,19.6,46.7,422,2409,3579,293,189,129,279,149,92,-30.1,36.9,-9999,875,207,62,25.02,1313,5.8379703509554
"67",143,"PA",40.7,-77.9,305,"MI",58,108,3,4,"PA",40.7,-77.9,305,2.3,15,27.3,16.9,-7,2.5,13.9,4.8,-2.4,8.7,20.6,10.9,189,271,271,226,-9999,-9999,-9999,-9999,326,38,0,16,30,474,1435,605,1828,875,45,683,0,22,286,39,3,42,92,57,72,4,0,1,0,263,443,187,0,30,172,24,64,60,61,62,17.67,10.77,-9.3,3.3,9.5,21.7,-3,24.7,957,443,20.3,48.9,380,2544,3432,347,194,127,281,154,77,-29.5,37.5,-9999,894,226,61,22.43,1417,5.8379703509554
"68",143,"PA",40.7,-77.9,305,"OH",65,142,11,4,"PA",40.7,-77.9,305,2.3,15,27.3,16.9,-7,2.5,13.9,4.8,-2.4,8.7,20.6,10.9,189,271,271,226,-9999,-9999,-9999,-9999,326,38,0,16,30,474,1435,605,1828,875,45,683,0,22,286,39,3,42,92,57,72,4,0,1,0,263,443,187,0,30,172,24,64,60,61,62,17.67,10.77,-9.3,3.3,9.5,21.7,-3,24.7,957,443,20.3,48.9,380,2544,3432,347,194,127,281,154,77,-29.5,37.5,-9999,894,226,61,22.43,1417,5.8379703509554
"69",144,"RI",41.7,-71.7,61,"OH",41,75,22,6,"RI",41.7,-71.7,61,3.3,14.4,26.5,17.2,-7.4,2,14.1,5,-2,8.2,20.3,11.1,276,282,255,286,-9999,-9999,-9999,-9999,306,38,0,12,30,425,1407,613,1797,921,55,660,0,16,269,37,3,38,92,57,91,5,0,1,0,252,420,181,0,32,165,6,59,60,63,62,26.08,13.49,-7.52,9.86,9.4,21.6,-3.1,24.7,1100,429,17.6,50.3,356,2475,3433,322,189,129,281,152,97,-30.2,37,-9999,853,203,61,41.92,1359,6.05876942159851
"70",144,"RI",41.7,-71.7,61,"MI",50,70,5,3,"RI",41.7,-71.7,61,3.3,14.4,26.5,17.2,-7.4,2,14.1,5,-2,8.2,20.3,11.1,276,282,255,286,-9999,-9999,-9999,-9999,306,38,0,12,30,425,1407,613,1797,921,55,660,0,16,269,37,3,38,92,57,91,5,0,1,0,252,420,181,0,32,165,6,59,60,63,62,26.08,13.49,-7.52,9.86,9.4,21.6,-3.1,24.7,1100,429,17.6,50.3,356,2475,3433,322,189,129,281,152,97,-30.2,37,-9999,853,203,61,41.92,1359,6.05876942159851
"71",145,"WI",45.6,-89.8,488,"MN",95,155,9,3,"WI",45.6,-89.8,488,-4.2,10.9,24.7,12.4,-15.9,-2.6,11.4,1,-10.1,4.1,18.1,6.7,76,193,317,209,-9999,-9999,-9999,-9999,919,167,0,85,4,273,1202,375,2519,1285,125,1034,0,10,131,11,0,28,92,35,73,41,0,21,0,181,394,121,0,28,78,0,52,54,60,62,7.55,8.02,-0.54,7.49,4.7,19.2,-11.6,30.8,794,512,18.5,37.5,1170,1854,4963,152,155,142,267,125,136,-38.8,37,-9999,696,106,57,22.52,950,7.00700341594834
"72",145,"WI",45.6,-89.8,488,"WI",52,60,71,NA,"WI",45.6,-89.8,488,-4.2,10.9,24.7,12.4,-15.9,-2.6,11.4,1,-10.1,4.1,18.1,6.7,76,193,317,209,-9999,-9999,-9999,-9999,919,167,0,85,4,273,1202,375,2519,1285,125,1034,0,10,131,11,0,28,92,35,73,41,0,21,0,181,394,121,0,28,78,0,52,54,60,62,7.55,8.02,-0.54,7.49,4.7,19.2,-11.6,30.8,794,512,18.5,37.5,1170,1854,4963,152,155,142,267,125,136,-38.8,37,-9999,696,106,57,22.52,950,7.00700341594834
"73",145,"WI",45.6,-89.8,488,"IN",14,9,14,NA,"WI",45.6,-89.8,488,-4.2,10.9,24.7,12.4,-15.9,-2.6,11.4,1,-10.1,4.1,18.1,6.7,76,193,317,209,-9999,-9999,-9999,-9999,919,167,0,85,4,273,1202,375,2519,1285,125,1034,0,10,131,11,0,28,92,35,73,41,0,21,0,181,394,121,0,28,78,0,52,54,60,62,7.55,8.02,-0.54,7.49,4.7,19.2,-11.6,30.8,794,512,18.5,37.5,1170,1854,4963,152,155,142,267,125,136,-38.8,37,-9999,696,106,57,22.52,950,7.00700341594834
"74",145,"WI",45.6,-89.8,488,"MI",93,113,6,6,"WI",45.6,-89.8,488,-4.2,10.9,24.7,12.4,-15.9,-2.6,11.4,1,-10.1,4.1,18.1,6.7,76,193,317,209,-9999,-9999,-9999,-9999,919,167,0,85,4,273,1202,375,2519,1285,125,1034,0,10,131,11,0,28,92,35,73,41,0,21,0,181,394,121,0,28,78,0,52,54,60,62,7.55,8.02,-0.54,7.49,4.7,19.2,-11.6,30.8,794,512,18.5,37.5,1170,1854,4963,152,155,142,267,125,136,-38.8,37,-9999,696,106,57,22.52,950,7.00700341594834
"75",145,"WI",45.6,-89.8,488,"OH",91,238,7,6,"WI",45.6,-89.8,488,-4.2,10.9,24.7,12.4,-15.9,-2.6,11.4,1,-10.1,4.1,18.1,6.7,76,193,317,209,-9999,-9999,-9999,-9999,919,167,0,85,4,273,1202,375,2519,1285,125,1034,0,10,131,11,0,28,92,35,73,41,0,21,0,181,394,121,0,28,78,0,52,54,60,62,7.55,8.02,-0.54,7.49,4.7,19.2,-11.6,30.8,794,512,18.5,37.5,1170,1854,4963,152,155,142,267,125,136,-38.8,37,-9999,696,106,57,22.52,950,7.00700341594834
"76",146,"CT",41.7,-72.3,244,"WI",9,75,100,NA,"CT",41.7,-72.3,244,1.9,13.6,25.9,16.6,-8.2,1.2,13.3,4.4,-3.2,7.4,19.6,10.5,268,290,275,291,-9999,-9999,-9999,-9999,379,51,0,15,23,385,1345,569,1898,990,70,710,0,13,223,30,2,34,92,53,127,9,0,2,0,245,414,178,0,25,139,0,60,60,63,61,25.96,14.93,-5.15,10.72,8.6,20.8,-4,24.8,1124,462,16.5,45.1,445,2322,3667,266,182,132,278,146,138,-31,36.3,-9999,837,164,61,46.46,1250,6.05876942159851
"77",146,"CT",41.7,-72.3,244,"OH",91,206,27,4,"CT",41.7,-72.3,244,1.9,13.6,25.9,16.6,-8.2,1.2,13.3,4.4,-3.2,7.4,19.6,10.5,268,290,275,291,-9999,-9999,-9999,-9999,379,51,0,15,23,385,1345,569,1898,990,70,710,0,13,223,30,2,34,92,53,127,9,0,2,0,245,414,178,0,25,139,0,60,60,63,61,25.96,14.93,-5.15,10.72,8.6,20.8,-4,24.8,1124,462,16.5,45.1,445,2322,3667,266,182,132,278,146,138,-31,36.3,-9999,837,164,61,46.46,1250,6.05876942159851
"78",146,"CT",41.7,-72.3,244,"MI",75,128,0,4,"CT",41.7,-72.3,244,1.9,13.6,25.9,16.6,-8.2,1.2,13.3,4.4,-3.2,7.4,19.6,10.5,268,290,275,291,-9999,-9999,-9999,-9999,379,51,0,15,23,385,1345,569,1898,990,70,710,0,13,223,30,2,34,92,53,127,9,0,2,0,245,414,178,0,25,139,0,60,60,63,61,25.96,14.93,-5.15,10.72,8.6,20.8,-4,24.8,1124,462,16.5,45.1,445,2322,3667,266,182,132,278,146,138,-31,36.3,-9999,837,164,61,46.46,1250,6.05876942159851
"79",146,"CT",41.7,-72.3,244,"MN",NA,NA,13,NA,"CT",41.7,-72.3,244,1.9,13.6,25.9,16.6,-8.2,1.2,13.3,4.4,-3.2,7.4,19.6,10.5,268,290,275,291,-9999,-9999,-9999,-9999,379,51,0,15,23,385,1345,569,1898,990,70,710,0,13,223,30,2,34,92,53,127,9,0,2,0,245,414,178,0,25,139,0,60,60,63,61,25.96,14.93,-5.15,10.72,8.6,20.8,-4,24.8,1124,462,16.5,45.1,445,2322,3667,266,182,132,278,146,138,-31,36.3,-9999,837,164,61,46.46,1250,6.05876942159851
"80",149,"PA",41.9,-78.8,658,"MN",26,74,4,2,"PA",41.9,-78.8,658,-0.1,12.5,24.7,14.7,-9.6,-0.1,11.1,2.9,-4.8,6.2,17.9,8.8,235,304,315,277,-9999,-9999,-9999,-9999,500,75,0,30,15,322,1186,461,2046,1098,131,852,0,8,120,17,2,31,92,42,162,24,0,6,0,195,410,167,0,4,95,0,61,58,60,62,23.38,17.1,-1.31,11.03,7,18.8,-5.6,24.4,1132,527,15,35.7,605,1984,4127,146,167,139,271,132,192,-32.5,35.1,-9999,772,99,60,50.2,996,6.10391518474205
"81",149,"PA",41.9,-78.8,658,"MI",57,75,3,5,"PA",41.9,-78.8,658,-0.1,12.5,24.7,14.7,-9.6,-0.1,11.1,2.9,-4.8,6.2,17.9,8.8,235,304,315,277,-9999,-9999,-9999,-9999,500,75,0,30,15,322,1186,461,2046,1098,131,852,0,8,120,17,2,31,92,42,162,24,0,6,0,195,410,167,0,4,95,0,61,58,60,62,23.38,17.1,-1.31,11.03,7,18.8,-5.6,24.4,1132,527,15,35.7,605,1984,4127,146,167,139,271,132,192,-32.5,35.1,-9999,772,99,60,50.2,996,6.10391518474205
"82",149,"PA",41.9,-78.8,658,"OH",50,133,20,4,"PA",41.9,-78.8,658,-0.1,12.5,24.7,14.7,-9.6,-0.1,11.1,2.9,-4.8,6.2,17.9,8.8,235,304,315,277,-9999,-9999,-9999,-9999,500,75,0,30,15,322,1186,461,2046,1098,131,852,0,8,120,17,2,31,92,42,162,24,0,6,0,195,410,167,0,4,95,0,61,58,60,62,23.38,17.1,-1.31,11.03,7,18.8,-5.6,24.4,1132,527,15,35.7,605,1984,4127,146,167,139,271,132,192,-32.5,35.1,-9999,772,99,60,50.2,996,6.10391518474205
"83",149,"PA",41.9,-78.8,658,"WI",NA,10,100,NA,"PA",41.9,-78.8,658,-0.1,12.5,24.7,14.7,-9.6,-0.1,11.1,2.9,-4.8,6.2,17.9,8.8,235,304,315,277,-9999,-9999,-9999,-9999,500,75,0,30,15,322,1186,461,2046,1098,131,852,0,8,120,17,2,31,92,42,162,24,0,6,0,195,410,167,0,4,95,0,61,58,60,62,23.38,17.1,-1.31,11.03,7,18.8,-5.6,24.4,1132,527,15,35.7,605,1984,4127,146,167,139,271,132,192,-32.5,35.1,-9999,772,99,60,50.2,996,6.10391518474205
"84",151,"NH",43.1,-71.1,76,"MI",84,96,16,6,"NH",43.1,-71.1,76,1.8,13.8,27.1,16.5,-9.1,0.9,13.1,4,-3.6,7.3,20.1,10.3,258,257,237,286,-9999,-9999,-9999,-9999,411,51,0,17,19,380,1386,556,1939,998,60,729,0,13,253,29,2,33,92,51,137,9,0,2,0,246,436,173,0,37,199,5,57,58,59,60,25.15,11.46,-11.93,10.28,8.5,21.4,-4.7,26.1,1038,409,17.8,52.3,480,2341,3725,296,177,134,276,143,148,-31.9,37.8,-9999,855,241,59,34.96,1284,6.38214850896178
"85",151,"NH",43.1,-71.1,76,"WI",29,44,92,NA,"NH",43.1,-71.1,76,1.8,13.8,27.1,16.5,-9.1,0.9,13.1,4,-3.6,7.3,20.1,10.3,258,257,237,286,-9999,-9999,-9999,-9999,411,51,0,17,19,380,1386,556,1939,998,60,729,0,13,253,29,2,33,92,51,137,9,0,2,0,246,436,173,0,37,199,5,57,58,59,60,25.15,11.46,-11.93,10.28,8.5,21.4,-4.7,26.1,1038,409,17.8,52.3,480,2341,3725,296,177,134,276,143,148,-31.9,37.8,-9999,855,241,59,34.96,1284,6.38214850896178
"86",151,"NH",43.1,-71.1,76,"IN",13,148,11,NA,"NH",43.1,-71.1,76,1.8,13.8,27.1,16.5,-9.1,0.9,13.1,4,-3.6,7.3,20.1,10.3,258,257,237,286,-9999,-9999,-9999,-9999,411,51,0,17,19,380,1386,556,1939,998,60,729,0,13,253,29,2,33,92,51,137,9,0,2,0,246,436,173,0,37,199,5,57,58,59,60,25.15,11.46,-11.93,10.28,8.5,21.4,-4.7,26.1,1038,409,17.8,52.3,480,2341,3725,296,177,134,276,143,148,-31.9,37.8,-9999,855,241,59,34.96,1284,6.38214850896178
"87",151,"NH",43.1,-71.1,76,"MN",87,147,NA,3,"NH",43.1,-71.1,76,1.8,13.8,27.1,16.5,-9.1,0.9,13.1,4,-3.6,7.3,20.1,10.3,258,257,237,286,-9999,-9999,-9999,-9999,411,51,0,17,19,380,1386,556,1939,998,60,729,0,13,253,29,2,33,92,51,137,9,0,2,0,246,436,173,0,37,199,5,57,58,59,60,25.15,11.46,-11.93,10.28,8.5,21.4,-4.7,26.1,1038,409,17.8,52.3,480,2341,3725,296,177,134,276,143,148,-31.9,37.8,-9999,855,241,59,34.96,1284,6.38214850896178
"88",151,"NH",43.1,-71.1,76,"OH",80,213,17,5,"NH",43.1,-71.1,76,1.8,13.8,27.1,16.5,-9.1,0.9,13.1,4,-3.6,7.3,20.1,10.3,258,257,237,286,-9999,-9999,-9999,-9999,411,51,0,17,19,380,1386,556,1939,998,60,729,0,13,253,29,2,33,92,51,137,9,0,2,0,246,436,173,0,37,199,5,57,58,59,60,25.15,11.46,-11.93,10.28,8.5,21.4,-4.7,26.1,1038,409,17.8,52.3,480,2341,3725,296,177,134,276,143,148,-31.9,37.8,-9999,855,241,59,34.96,1284,6.38214850896178
"89",152,"ME",43.4,-70.7,79,"IN",15,31,10,NA,"ME",43.4,-70.7,79,1.2,13.2,26.6,16.3,-10,0.5,12.8,3.8,-4.4,6.8,19.7,10,295,276,241,305,-9999,-9999,-9999,-9999,469,60,0,20,15,352,1351,543,2009,1043,70,749,0,12,229,27,1,32,92,49,186,14,0,3,0,237,428,170,0,26,187,5,56,58,60,61,29.14,14.28,-10.5,12.41,8,21,-5.5,26.5,1116,419,16.2,50.3,549,2261,3872,268,175,135,275,140,204,-32.9,37.7,-9999,835,218,59,45.34,1228,6.45377115620686
"90",152,"ME",43.4,-70.7,79,"WI",11,1,93,NA,"ME",43.4,-70.7,79,1.2,13.2,26.6,16.3,-10,0.5,12.8,3.8,-4.4,6.8,19.7,10,295,276,241,305,-9999,-9999,-9999,-9999,469,60,0,20,15,352,1351,543,2009,1043,70,749,0,12,229,27,1,32,92,49,186,14,0,3,0,237,428,170,0,26,187,5,56,58,60,61,29.14,14.28,-10.5,12.41,8,21,-5.5,26.5,1116,419,16.2,50.3,549,2261,3872,268,175,135,275,140,204,-32.9,37.7,-9999,835,218,59,45.34,1228,6.45377115620686
"91",152,"ME",43.4,-70.7,79,"MI",58,91,0,5,"ME",43.4,-70.7,79,1.2,13.2,26.6,16.3,-10,0.5,12.8,3.8,-4.4,6.8,19.7,10,295,276,241,305,-9999,-9999,-9999,-9999,469,60,0,20,15,352,1351,543,2009,1043,70,749,0,12,229,27,1,32,92,49,186,14,0,3,0,237,428,170,0,26,187,5,56,58,60,61,29.14,14.28,-10.5,12.41,8,21,-5.5,26.5,1116,419,16.2,50.3,549,2261,3872,268,175,135,275,140,204,-32.9,37.7,-9999,835,218,59,45.34,1228,6.45377115620686
"92",152,"ME",43.4,-70.7,79,"OH",81,205,11,6,"ME",43.4,-70.7,79,1.2,13.2,26.6,16.3,-10,0.5,12.8,3.8,-4.4,6.8,19.7,10,295,276,241,305,-9999,-9999,-9999,-9999,469,60,0,20,15,352,1351,543,2009,1043,70,749,0,12,229,27,1,32,92,49,186,14,0,3,0,237,428,170,0,26,187,5,56,58,60,61,29.14,14.28,-10.5,12.41,8,21,-5.5,26.5,1116,419,16.2,50.3,549,2261,3872,268,175,135,275,140,204,-32.9,37.7,-9999,835,218,59,45.34,1228,6.45377115620686
"93",153,"ON",46,-77.4,152,"IN",3,1,2,NA,"ONT",46,-77.4,152,-4.9,10.6,25.2,12.8,-16,-2.3,11.5,2.1,-10.5,4.1,18.4,7.4,153,167,225,216,-9999,-9999,-9999,-9999,954,163,0,56,4,272,1230,394,2553,1283,112,975,0,11,148,13,0,28,92,37,149,46,0,14,0,177,401,135,0,57,176,0,54,56,60,65,15.32,6.1,-9.7,8.36,4.9,19.7,-12.3,31.9,760,375,19.5,52.4,1172,1900,4924,171,158,141,269,128,209,-38.7,37.4,-9999,713,233,58,20.09,987,7.11334736827744
"94",153,"ON",46,-77.4,152,"MI",71,75,6,5,"ONT",46,-77.4,152,-4.9,10.6,25.2,12.8,-16,-2.3,11.5,2.1,-10.5,4.1,18.4,7.4,153,167,225,216,-9999,-9999,-9999,-9999,954,163,0,56,4,272,1230,394,2553,1283,112,975,0,11,148,13,0,28,92,37,149,46,0,14,0,177,401,135,0,57,176,0,54,56,60,65,15.32,6.1,-9.7,8.36,4.9,19.7,-12.3,31.9,760,375,19.5,52.4,1172,1900,4924,171,158,141,269,128,209,-38.7,37.4,-9999,713,233,58,20.09,987,7.11334736827744
"95",153,"ON",46,-77.4,152,"WI",18,5,94,NA,"ONT",46,-77.4,152,-4.9,10.6,25.2,12.8,-16,-2.3,11.5,2.1,-10.5,4.1,18.4,7.4,153,167,225,216,-9999,-9999,-9999,-9999,954,163,0,56,4,272,1230,394,2553,1283,112,975,0,11,148,13,0,28,92,37,149,46,0,14,0,177,401,135,0,57,176,0,54,56,60,65,15.32,6.1,-9.7,8.36,4.9,19.7,-12.3,31.9,760,375,19.5,52.4,1172,1900,4924,171,158,141,269,128,209,-38.7,37.4,-9999,713,233,58,20.09,987,7.11334736827744
"96",153,"ON",46,-77.4,152,"MN",78,108,9,5,"ONT",46,-77.4,152,-4.9,10.6,25.2,12.8,-16,-2.3,11.5,2.1,-10.5,4.1,18.4,7.4,153,167,225,216,-9999,-9999,-9999,-9999,954,163,0,56,4,272,1230,394,2553,1283,112,975,0,11,148,13,0,28,92,37,149,46,0,14,0,177,401,135,0,57,176,0,54,56,60,65,15.32,6.1,-9.7,8.36,4.9,19.7,-12.3,31.9,760,375,19.5,52.4,1172,1900,4924,171,158,141,269,128,209,-38.7,37.4,-9999,713,233,58,20.09,987,7.11334736827744
"97",153,"ON",46,-77.4,152,"OH",76,119,19,8,"ONT",46,-77.4,152,-4.9,10.6,25.2,12.8,-16,-2.3,11.5,2.1,-10.5,4.1,18.4,7.4,153,167,225,216,-9999,-9999,-9999,-9999,954,163,0,56,4,272,1230,394,2553,1283,112,975,0,11,148,13,0,28,92,37,149,46,0,14,0,177,401,135,0,57,176,0,54,56,60,65,15.32,6.1,-9.7,8.36,4.9,19.7,-12.3,31.9,760,375,19.5,52.4,1172,1900,4924,171,158,141,269,128,209,-38.7,37.4,-9999,713,233,58,20.09,987,7.11334736827744
"98",154,"PA",40,-77.5,427,"OH",75,106,33,4,"PA",40,-77.5,427,3.6,16,27.4,17.5,-5.6,3.8,15.3,6.2,-1,9.9,21.4,11.9,231,305,297,263,-9999,-9999,-9999,-9999,245,24,0,11,43,542,1504,676,1703,771,33,612,0,29,339,53,4,52,92,61,52,2,0,1,0,271,430,189,0,21,133,7,65,61,65,64,21.02,12.7,-5.62,6.64,10.5,22.4,-1.8,24.2,1096,493,18.7,45.4,280,2765,3120,421,210,121,287,167,54,-27.9,37.5,-9999,891,161,64,34.74,1564,5.6880633509692
"99",155,"WI",45.6,-89.8,488,"IN",5,42,11,NA,"WI",45.6,-89.8,488,-4.2,10.9,24.7,12.4,-15.9,-2.6,11.4,1,-10.1,4.1,18.1,6.7,76,193,317,209,-9999,-9999,-9999,-9999,919,167,0,85,4,273,1202,375,2519,1285,125,1034,0,10,131,11,0,28,92,35,73,41,0,21,0,181,394,121,0,28,78,0,52,54,60,62,7.55,8.02,-0.54,7.49,4.7,19.2,-11.6,30.8,794,512,18.5,37.5,1170,1854,4963,152,155,142,267,125,136,-38.8,37,-9999,696,106,57,22.52,950,7.00700341594834
"100",155,"WI",45.6,-89.8,488,"MN",91,192,0,4,"WI",45.6,-89.8,488,-4.2,10.9,24.7,12.4,-15.9,-2.6,11.4,1,-10.1,4.1,18.1,6.7,76,193,317,209,-9999,-9999,-9999,-9999,919,167,0,85,4,273,1202,375,2519,1285,125,1034,0,10,131,11,0,28,92,35,73,41,0,21,0,181,394,121,0,28,78,0,52,54,60,62,7.55,8.02,-0.54,7.49,4.7,19.2,-11.6,30.8,794,512,18.5,37.5,1170,1854,4963,152,155,142,267,125,136,-38.8,37,-9999,696,106,57,22.52,950,7.00700341594834
"101",155,"WI",45.6,-89.8,488,"MI",79,117,0,6,"WI",45.6,-89.8,488,-4.2,10.9,24.7,12.4,-15.9,-2.6,11.4,1,-10.1,4.1,18.1,6.7,76,193,317,209,-9999,-9999,-9999,-9999,919,167,0,85,4,273,1202,375,2519,1285,125,1034,0,10,131,11,0,28,92,35,73,41,0,21,0,181,394,121,0,28,78,0,52,54,60,62,7.55,8.02,-0.54,7.49,4.7,19.2,-11.6,30.8,794,512,18.5,37.5,1170,1854,4963,152,155,142,267,125,136,-38.8,37,-9999,696,106,57,22.52,950,7.00700341594834
"102",155,"WI",45.6,-89.8,488,"OH",77,185,9,6,"WI",45.6,-89.8,488,-4.2,10.9,24.7,12.4,-15.9,-2.6,11.4,1,-10.1,4.1,18.1,6.7,76,193,317,209,-9999,-9999,-9999,-9999,919,167,0,85,4,273,1202,375,2519,1285,125,1034,0,10,131,11,0,28,92,35,73,41,0,21,0,181,394,121,0,28,78,0,52,54,60,62,7.55,8.02,-0.54,7.49,4.7,19.2,-11.6,30.8,794,512,18.5,37.5,1170,1854,4963,152,155,142,267,125,136,-38.8,37,-9999,696,106,57,22.52,950,7.00700341594834
"103",155,"WI",45.6,-89.8,488,"WI",30,61,70,NA,"WI",45.6,-89.8,488,-4.2,10.9,24.7,12.4,-15.9,-2.6,11.4,1,-10.1,4.1,18.1,6.7,76,193,317,209,-9999,-9999,-9999,-9999,919,167,0,85,4,273,1202,375,2519,1285,125,1034,0,10,131,11,0,28,92,35,73,41,0,21,0,181,394,121,0,28,78,0,52,54,60,62,7.55,8.02,-0.54,7.49,4.7,19.2,-11.6,30.8,794,512,18.5,37.5,1170,1854,4963,152,155,142,267,125,136,-38.8,37,-9999,696,106,57,22.52,950,7.00700341594834
"104",156,"ON",47.3,-79.8,274,"MI",53,72,6,6,"ONT",47.3,-79.8,274,-7.1,8,23.1,10.5,-19,-4.5,10.7,0.9,-13.1,1.8,16.9,5.7,157,164,245,223,-9999,-9999,-9999,-9999,1182,256,0,96,2,194,1098,305,2787,1497,184,1127,0,7,83,6,0,20,92,34,156,71,0,36,0,155,362,102,0,40,116,0,50,56,62,67,15.71,8.33,-3.45,11.93,2.8,18.3,-15.2,33.5,790,400,16.2,45.6,1533,1598,5594,96,146,146,265,118,263,-41.6,35.9,-9999,618,156,59,32.52,778,7.47269593040597
"105",156,"ON",47.3,-79.8,274,"OH",47,125,12,8,"ONT",47.3,-79.8,274,-7.1,8,23.1,10.5,-19,-4.5,10.7,0.9,-13.1,1.8,16.9,5.7,157,164,245,223,-9999,-9999,-9999,-9999,1182,256,0,96,2,194,1098,305,2787,1497,184,1127,0,7,83,6,0,20,92,34,156,71,0,36,0,155,362,102,0,40,116,0,50,56,62,67,15.71,8.33,-3.45,11.93,2.8,18.3,-15.2,33.5,790,400,16.2,45.6,1533,1598,5594,96,146,146,265,118,263,-41.6,35.9,-9999,618,156,59,32.52,778,7.47269593040597
"106",157,"MN",48,-91.6,397,"IN",6,7,12,NA,"MN",48,-91.6,397,-6.8,10,24.3,10.6,-19.2,-3.7,11.3,0.4,-13,3.2,17.8,5.5,71,149,277,175,-9999,-9999,-9999,-9999,1177,202,0,127,1,244,1180,322,2782,1370,139,1145,0,9,123,8,0,25,92,33,71,37,0,29,0,169,376,103,0,49,100,0,48,53,61,65,7.11,4.84,-3.14,6.54,3.4,19.2,-15,34.2,671,435,19.9,44.2,1505,1747,5435,140,150,145,265,121,137,-42,37.4,-9999,648,149,57,15.36,890,7.67556362998601
"107",157,"MN",48,-91.6,397,"WI",5,25,100,NA,"MN",48,-91.6,397,-6.8,10,24.3,10.6,-19.2,-3.7,11.3,0.4,-13,3.2,17.8,5.5,71,149,277,175,-9999,-9999,-9999,-9999,1177,202,0,127,1,244,1180,322,2782,1370,139,1145,0,9,123,8,0,25,92,33,71,37,0,29,0,169,376,103,0,49,100,0,48,53,61,65,7.11,4.84,-3.14,6.54,3.4,19.2,-15,34.2,671,435,19.9,44.2,1505,1747,5435,140,150,145,265,121,137,-42,37.4,-9999,648,149,57,15.36,890,7.67556362998601
"108",157,"MN",48,-91.6,397,"OH",84,194,15,9,"MN",48,-91.6,397,-6.8,10,24.3,10.6,-19.2,-3.7,11.3,0.4,-13,3.2,17.8,5.5,71,149,277,175,-9999,-9999,-9999,-9999,1177,202,0,127,1,244,1180,322,2782,1370,139,1145,0,9,123,8,0,25,92,33,71,37,0,29,0,169,376,103,0,49,100,0,48,53,61,65,7.11,4.84,-3.14,6.54,3.4,19.2,-15,34.2,671,435,19.9,44.2,1505,1747,5435,140,150,145,265,121,137,-42,37.4,-9999,648,149,57,15.36,890,7.67556362998601
"109",157,"MN",48,-91.6,397,"MI",73,94,7,7,"MN",48,-91.6,397,-6.8,10,24.3,10.6,-19.2,-3.7,11.3,0.4,-13,3.2,17.8,5.5,71,149,277,175,-9999,-9999,-9999,-9999,1177,202,0,127,1,244,1180,322,2782,1370,139,1145,0,9,123,8,0,25,92,33,71,37,0,29,0,169,376,103,0,49,100,0,48,53,61,65,7.11,4.84,-3.14,6.54,3.4,19.2,-15,34.2,671,435,19.9,44.2,1505,1747,5435,140,150,145,265,121,137,-42,37.4,-9999,648,149,57,15.36,890,7.67556362998601
"110",157,"MN",48,-91.6,397,"MN",87,240,7,7,"MN",48,-91.6,397,-6.8,10,24.3,10.6,-19.2,-3.7,11.3,0.4,-13,3.2,17.8,5.5,71,149,277,175,-9999,-9999,-9999,-9999,1177,202,0,127,1,244,1180,322,2782,1370,139,1145,0,9,123,8,0,25,92,33,71,37,0,29,0,169,376,103,0,49,100,0,48,53,61,65,7.11,4.84,-3.14,6.54,3.4,19.2,-15,34.2,671,435,19.9,44.2,1505,1747,5435,140,150,145,265,121,137,-42,37.4,-9999,648,149,57,15.36,890,7.67556362998601
"111",158,"VA",36.9,-82.5,853,"OH",52,115,34,5,"VA",36.9,-82.5,853,7,18.1,26.9,18.9,-3.5,5.3,14.8,6.2,1.7,11.7,20.8,12.5,335,351,325,256,-9999,-9999,-9999,-9999,131,12,0,8,84,660,1456,724,1461,624,39,557,0,38,302,58,6,60,92,62,23,0,0,0,92,306,438,220,27,25,112,17,62,60,64,61,28.71,13.2,-3.7,2.36,11.7,21.5,0.8,20.6,1267,530,17.1,40.5,150,2925,2682,397,220,117,288,171,24,-25.9,36.1,-9999,1057,181,62,40.57,1613,5.06501676543951
"112",158,"VA",36.9,-82.5,853,"MI",50,82,17,4,"VA",36.9,-82.5,853,7,18.1,26.9,18.9,-3.5,5.3,14.8,6.2,1.7,11.7,20.8,12.5,335,351,325,256,-9999,-9999,-9999,-9999,131,12,0,8,84,660,1456,724,1461,624,39,557,0,38,302,58,6,60,92,62,23,0,0,0,92,306,438,220,27,25,112,17,62,60,64,61,28.71,13.2,-3.7,2.36,11.7,21.5,0.8,20.6,1267,530,17.1,40.5,150,2925,2682,397,220,117,288,171,24,-25.9,36.1,-9999,1057,181,62,40.57,1613,5.06501676543951
"113",159,"MN",47.4,-94.2,396,"MI",89,81,5,5,"MN",47.4,-94.2,396,-6.1,10.4,25.2,11.9,-18.8,-3.3,12,0.7,-12.5,3.6,18.6,6.3,55,164,283,146,-9999,-9999,-9999,-9999,1129,193,0,108,2,263,1251,366,2733,1334,107,1075,0,10,163,12,0,27,92,34,55,34,0,18,0,174,389,113,0,38,106,0,47,53,61,62,5.54,5.84,-4.21,1.94,4,20,-14.5,34.5,649,435,21.6,45.9,1430,1881,5248,185,153,142,267,125,107,-41.5,38.4,-9999,676,144,56,9.12,988,7.50125750135298
"114",159,"MN",47.4,-94.2,396,"OH",79,80,37,7,"MN",47.4,-94.2,396,-6.1,10.4,25.2,11.9,-18.8,-3.3,12,0.7,-12.5,3.6,18.6,6.3,55,164,283,146,-9999,-9999,-9999,-9999,1129,193,0,108,2,263,1251,366,2733,1334,107,1075,0,10,163,12,0,27,92,34,55,34,0,18,0,174,389,113,0,38,106,0,47,53,61,62,5.54,5.84,-4.21,1.94,4,20,-14.5,34.5,649,435,21.6,45.9,1430,1881,5248,185,153,142,267,125,107,-41.5,38.4,-9999,676,144,56,9.12,988,7.50125750135298
"115",159,"MN",47.4,-94.2,396,"WI",50,26,90,NA,"MN",47.4,-94.2,396,-6.1,10.4,25.2,11.9,-18.8,-3.3,12,0.7,-12.5,3.6,18.6,6.3,55,164,283,146,-9999,-9999,-9999,-9999,1129,193,0,108,2,263,1251,366,2733,1334,107,1075,0,10,163,12,0,27,92,34,55,34,0,18,0,174,389,113,0,38,106,0,47,53,61,62,5.54,5.84,-4.21,1.94,4,20,-14.5,34.5,649,435,21.6,45.9,1430,1881,5248,185,153,142,267,125,107,-41.5,38.4,-9999,676,144,56,9.12,988,7.50125750135298
"116",160,"NY",42.7,-76,558,"WI",9,4,83,NA,"NY",42.7,-76,558,-1.3,10.8,24.3,14,-10.1,0.2,12.6,3.7,-5.7,5.5,18.4,8.9,216,252,275,259,-9999,-9999,-9999,-9999,570,97,0,30,13,295,1238,467,2126,1162,109,849,0,9,152,19,1,32,92,49,167,36,0,5,0,173,384,152,0,12,108,0,64,64,65,67,21.49,14.43,-2.6,10.95,6.8,19.6,-6.6,26.2,1001,453,16.8,43.3,697,2013,4246,180,175,135,275,141,209,-33,35.5,-9999,709,120,65,44.26,1044,6.28796415220316
"117",160,"NY",42.7,-76,558,"IN",8,144,11,NA,"NY",42.7,-76,558,-1.3,10.8,24.3,14,-10.1,0.2,12.6,3.7,-5.7,5.5,18.4,8.9,216,252,275,259,-9999,-9999,-9999,-9999,570,97,0,30,13,295,1238,467,2126,1162,109,849,0,9,152,19,1,32,92,49,167,36,0,5,0,173,384,152,0,12,108,0,64,64,65,67,21.49,14.43,-2.6,10.95,6.8,19.6,-6.6,26.2,1001,453,16.8,43.3,697,2013,4246,180,175,135,275,141,209,-33,35.5,-9999,709,120,65,44.26,1044,6.28796415220316
"118",160,"NY",42.7,-76,558,"MI",64,116,8,6,"NY",42.7,-76,558,-1.3,10.8,24.3,14,-10.1,0.2,12.6,3.7,-5.7,5.5,18.4,8.9,216,252,275,259,-9999,-9999,-9999,-9999,570,97,0,30,13,295,1238,467,2126,1162,109,849,0,9,152,19,1,32,92,49,167,36,0,5,0,173,384,152,0,12,108,0,64,64,65,67,21.49,14.43,-2.6,10.95,6.8,19.6,-6.6,26.2,1001,453,16.8,43.3,697,2013,4246,180,175,135,275,141,209,-33,35.5,-9999,709,120,65,44.26,1044,6.28796415220316
"119",160,"NY",42.7,-76,558,"MN",81,99,8,3,"NY",42.7,-76,558,-1.3,10.8,24.3,14,-10.1,0.2,12.6,3.7,-5.7,5.5,18.4,8.9,216,252,275,259,-9999,-9999,-9999,-9999,570,97,0,30,13,295,1238,467,2126,1162,109,849,0,9,152,19,1,32,92,49,167,36,0,5,0,173,384,152,0,12,108,0,64,64,65,67,21.49,14.43,-2.6,10.95,6.8,19.6,-6.6,26.2,1001,453,16.8,43.3,697,2013,4246,180,175,135,275,141,209,-33,35.5,-9999,709,120,65,44.26,1044,6.28796415220316
"120",160,"NY",42.7,-76,558,"OH",63,53,11,6,"NY",42.7,-76,558,-1.3,10.8,24.3,14,-10.1,0.2,12.6,3.7,-5.7,5.5,18.4,8.9,216,252,275,259,-9999,-9999,-9999,-9999,570,97,0,30,13,295,1238,467,2126,1162,109,849,0,9,152,19,1,32,92,49,167,36,0,5,0,173,384,152,0,12,108,0,64,64,65,67,21.49,14.43,-2.6,10.95,6.8,19.6,-6.6,26.2,1001,453,16.8,43.3,697,2013,4246,180,175,135,275,141,209,-33,35.5,-9999,709,120,65,44.26,1044,6.28796415220316
"121",161,"VT",44.5,-72.4,518,"OH",72,122,19,8,"VT",44.5,-72.4,518,-3.3,9.6,23.7,12.7,-15.1,-2.7,10.3,1,-9.2,3.4,17,6.8,226,249,334,283,-9999,-9999,-9999,-9999,843,164,0,60,5,221,1107,349,2442,1340,177,1024,0,7,86,8,0,24,92,32,216,77,0,23,0,169,387,143,0,12,53,0,52,57,60,61,22.56,15.26,2.9,14.93,4.5,18.2,-10.5,28.7,1091,522,13.3,34.9,1067,1681,4983,101,149,145,264,119,316,-38.3,35.3,-9999,698,65,58,55.66,821,6.72397944154775
"122",161,"VT",44.5,-72.4,518,"MI",59,40,0,6,"VT",44.5,-72.4,518,-3.3,9.6,23.7,12.7,-15.1,-2.7,10.3,1,-9.2,3.4,17,6.8,226,249,334,283,-9999,-9999,-9999,-9999,843,164,0,60,5,221,1107,349,2442,1340,177,1024,0,7,86,8,0,24,92,32,216,77,0,23,0,169,387,143,0,12,53,0,52,57,60,61,22.56,15.26,2.9,14.93,4.5,18.2,-10.5,28.7,1091,522,13.3,34.9,1067,1681,4983,101,149,145,264,119,316,-38.3,35.3,-9999,698,65,58,55.66,821,6.72397944154775
"123",162,"MI",46.7,-89.8,225,"WI",0,NA,86,NA,"MI",46.7,-89.8,225,-3.7,10.1,24.3,12.6,-13.7,-2,11.3,2.4,-8.7,4,17.8,7.5,131,202,310,230,-9999,-9999,-9999,-9999,800,158,0,63,3,253,1181,411,2392,1290,138,963,0,7,123,14,0,27,92,45,123,44,0,17,0,170,382,129,0,14,72,0,58,58,61,66,13.1,10.03,0.67,9.97,5.2,19.1,-10,29.1,873,496,17.4,38.4,1021,1848,4784,143,165,142,272,130,184,-36.6,36.3,-9999,681,86,61,33.76,937,7.30414449170325
"124",162,"MI",46.7,-89.8,225,"IN",0,NA,8,NA,"MI",46.7,-89.8,225,-3.7,10.1,24.3,12.6,-13.7,-2,11.3,2.4,-8.7,4,17.8,7.5,131,202,310,230,-9999,-9999,-9999,-9999,800,158,0,63,3,253,1181,411,2392,1290,138,963,0,7,123,14,0,27,92,45,123,44,0,17,0,170,382,129,0,14,72,0,58,58,61,66,13.1,10.03,0.67,9.97,5.2,19.1,-10,29.1,873,496,17.4,38.4,1021,1848,4784,143,165,142,272,130,184,-36.6,36.3,-9999,681,86,61,33.76,937,7.30414449170325
"125",162,"MI",46.7,-89.8,225,"OH",54,102,13,10,"MI",46.7,-89.8,225,-3.7,10.1,24.3,12.6,-13.7,-2,11.3,2.4,-8.7,4,17.8,7.5,131,202,310,230,-9999,-9999,-9999,-9999,800,158,0,63,3,253,1181,411,2392,1290,138,963,0,7,123,14,0,27,92,45,123,44,0,17,0,170,382,129,0,14,72,0,58,58,61,66,13.1,10.03,0.67,9.97,5.2,19.1,-10,29.1,873,496,17.4,38.4,1021,1848,4784,143,165,142,272,130,184,-36.6,36.3,-9999,681,86,61,33.76,937,7.30414449170325
"126",162,"MI",46.7,-89.8,225,"MN",54,72,0,9,"MI",46.7,-89.8,225,-3.7,10.1,24.3,12.6,-13.7,-2,11.3,2.4,-8.7,4,17.8,7.5,131,202,310,230,-9999,-9999,-9999,-9999,800,158,0,63,3,253,1181,411,2392,1290,138,963,0,7,123,14,0,27,92,45,123,44,0,17,0,170,382,129,0,14,72,0,58,58,61,66,13.1,10.03,0.67,9.97,5.2,19.1,-10,29.1,873,496,17.4,38.4,1021,1848,4784,143,165,142,272,130,184,-36.6,36.3,-9999,681,86,61,33.76,937,7.30414449170325
"127",162,"MI",46.7,-89.8,225,"MI",40,36,4,7,"MI",46.7,-89.8,225,-3.7,10.1,24.3,12.6,-13.7,-2,11.3,2.4,-8.7,4,17.8,7.5,131,202,310,230,-9999,-9999,-9999,-9999,800,158,0,63,3,253,1181,411,2392,1290,138,963,0,7,123,14,0,27,92,45,123,44,0,17,0,170,382,129,0,14,72,0,58,58,61,66,13.1,10.03,0.67,9.97,5.2,19.1,-10,29.1,873,496,17.4,38.4,1021,1848,4784,143,165,142,272,130,184,-36.6,36.3,-9999,681,86,61,33.76,937,7.30414449170325
"128",163,"ME",44.4,-70.8,225,"WI",22,95,81,NA,"ME",44.4,-70.8,225,-1.1,11.5,25.4,14.5,-12.9,-1.2,11.4,2.2,-7,5.1,18.4,8.3,246,250,266,283,-9999,-9999,-9999,-9999,666,106,0,36,7,281,1236,434,2240,1193,110,894,0,9,151,14,1,29,92,35,214,44,0,10,0,183,412,156,0,28,146,8,52,57,59,60,24.64,13.59,-6.58,12.61,6.2,19.7,-8.1,27.8,1045,428,15.5,46,807,1958,4437,174,157,141,268,127,268,-35.9,36.7,-9999,751,182,57,44.26,1019,6.69890370914893
"129",163,"ME",44.4,-70.8,225,"IN",10,14,13,NA,"ME",44.4,-70.8,225,-1.1,11.5,25.4,14.5,-12.9,-1.2,11.4,2.2,-7,5.1,18.4,8.3,246,250,266,283,-9999,-9999,-9999,-9999,666,106,0,36,7,281,1236,434,2240,1193,110,894,0,9,151,14,1,29,92,35,214,44,0,10,0,183,412,156,0,28,146,8,52,57,59,60,24.64,13.59,-6.58,12.61,6.2,19.7,-8.1,27.8,1045,428,15.5,46,807,1958,4437,174,157,141,268,127,268,-35.9,36.7,-9999,751,182,57,44.26,1019,6.69890370914893
"130",163,"ME",44.4,-70.8,225,"OH",73,277,10,7,"ME",44.4,-70.8,225,-1.1,11.5,25.4,14.5,-12.9,-1.2,11.4,2.2,-7,5.1,18.4,8.3,246,250,266,283,-9999,-9999,-9999,-9999,666,106,0,36,7,281,1236,434,2240,1193,110,894,0,9,151,14,1,29,92,35,214,44,0,10,0,183,412,156,0,28,146,8,52,57,59,60,24.64,13.59,-6.58,12.61,6.2,19.7,-8.1,27.8,1045,428,15.5,46,807,1958,4437,174,157,141,268,127,268,-35.9,36.7,-9999,751,182,57,44.26,1019,6.69890370914893
"131",163,"ME",44.4,-70.8,225,"MI",70,94,0,6,"ME",44.4,-70.8,225,-1.1,11.5,25.4,14.5,-12.9,-1.2,11.4,2.2,-7,5.1,18.4,8.3,246,250,266,283,-9999,-9999,-9999,-9999,666,106,0,36,7,281,1236,434,2240,1193,110,894,0,9,151,14,1,29,92,35,214,44,0,10,0,183,412,156,0,28,146,8,52,57,59,60,24.64,13.59,-6.58,12.61,6.2,19.7,-8.1,27.8,1045,428,15.5,46,807,1958,4437,174,157,141,268,127,268,-35.9,36.7,-9999,751,182,57,44.26,1019,6.69890370914893
"132",163,"ME",44.4,-70.8,225,"MN",59,98,9,4,"ME",44.4,-70.8,225,-1.1,11.5,25.4,14.5,-12.9,-1.2,11.4,2.2,-7,5.1,18.4,8.3,246,250,266,283,-9999,-9999,-9999,-9999,666,106,0,36,7,281,1236,434,2240,1193,110,894,0,9,151,14,1,29,92,35,214,44,0,10,0,183,412,156,0,28,146,8,52,57,59,60,24.64,13.59,-6.58,12.61,6.2,19.7,-8.1,27.8,1045,428,15.5,46,807,1958,4437,174,157,141,268,127,268,-35.9,36.7,-9999,751,182,57,44.26,1019,6.69890370914893
"133",164,"ON",44.2,-80,219,"MI",80,85,3,7,"ONT",44.2,-80,219,-2,10.4,25.1,14.1,-10.7,-0.7,12.1,3.8,-6.3,4.9,18.6,8.9,197,185,208,205,-9999,-9999,-9999,-9999,617,120,0,31,9,271,1252,476,2182,1217,102,842,0,7,161,20,1,30,92,51,160,38,0,4,0,172,399,148,0,43,191,11,64,62,62,66,19.68,8.27,-10.65,5.66,6.5,19.6,-7.4,27,795,346,20.8,56.8,768,2009,4343,188,174,136,275,139,203,-33.3,36.4,-9999,718,245,63,22.96,1051,6.64906604543094
"134",164,"ON",44.2,-80,219,"OH",77,203,9,7,"ONT",44.2,-80,219,-2,10.4,25.1,14.1,-10.7,-0.7,12.1,3.8,-6.3,4.9,18.6,8.9,197,185,208,205,-9999,-9999,-9999,-9999,617,120,0,31,9,271,1252,476,2182,1217,102,842,0,7,161,20,1,30,92,51,160,38,0,4,0,172,399,148,0,43,191,11,64,62,62,66,19.68,8.27,-10.65,5.66,6.5,19.6,-7.4,27,795,346,20.8,56.8,768,2009,4343,188,174,136,275,139,203,-33.3,36.4,-9999,718,245,63,22.96,1051,6.64906604543094
"135",164,"ON",44.2,-80,219,"WI",12,12,100,NA,"ONT",44.2,-80,219,-2,10.4,25.1,14.1,-10.7,-0.7,12.1,3.8,-6.3,4.9,18.6,8.9,197,185,208,205,-9999,-9999,-9999,-9999,617,120,0,31,9,271,1252,476,2182,1217,102,842,0,7,161,20,1,30,92,51,160,38,0,4,0,172,399,148,0,43,191,11,64,62,62,66,19.68,8.27,-10.65,5.66,6.5,19.6,-7.4,27,795,346,20.8,56.8,768,2009,4343,188,174,136,275,139,203,-33.3,36.4,-9999,718,245,63,22.96,1051,6.64906604543094
"136",164,"ON",44.2,-80,219,"IN",3,1,15,NA,"ONT",44.2,-80,219,-2,10.4,25.1,14.1,-10.7,-0.7,12.1,3.8,-6.3,4.9,18.6,8.9,197,185,208,205,-9999,-9999,-9999,-9999,617,120,0,31,9,271,1252,476,2182,1217,102,842,0,7,161,20,1,30,92,51,160,38,0,4,0,172,399,148,0,43,191,11,64,62,62,66,19.68,8.27,-10.65,5.66,6.5,19.6,-7.4,27,795,346,20.8,56.8,768,2009,4343,188,174,136,275,139,203,-33.3,36.4,-9999,718,245,63,22.96,1051,6.64906604543094
"137",165,"NF",48.3,-54.2,46,"WI",0,NA,100,NA,"NFLD",48.3,-54.2,46,-0.1,5.9,18.9,11.4,-7.8,-2.2,9.3,3.4,-3.9,1.8,14.1,7.4,323,248,265,312,-9999,-9999,-9999,-9999,436,153,0,29,0,77,842,332,1966,1491,385,970,0,0,29,7,2,7,92,44,186,112,2,9,0,114,287,103,0,1,32,0,68,71,70,74,31.87,20.36,7.17,21.23,4.8,15.9,-5,20.8,1147,432,12.9,36.7,619,1251,4812,35,145,153,270,117,308,-30.3,30.7,-9999,504,33,71,80.63,517,7.76466651821937
"138",165,"NF",48.3,-54.2,46,"MI",83,107,0,5,"NFLD",48.3,-54.2,46,-0.1,5.9,18.9,11.4,-7.8,-2.2,9.3,3.4,-3.9,1.8,14.1,7.4,323,248,265,312,-9999,-9999,-9999,-9999,436,153,0,29,0,77,842,332,1966,1491,385,970,0,0,29,7,2,7,92,44,186,112,2,9,0,114,287,103,0,1,32,0,68,71,70,74,31.87,20.36,7.17,21.23,4.8,15.9,-5,20.8,1147,432,12.9,36.7,619,1251,4812,35,145,153,270,117,308,-30.3,30.7,-9999,504,33,71,80.63,517,7.76466651821937
"139",165,"NF",48.3,-54.2,46,"OH",67,125,12,4,"NFLD",48.3,-54.2,46,-0.1,5.9,18.9,11.4,-7.8,-2.2,9.3,3.4,-3.9,1.8,14.1,7.4,323,248,265,312,-9999,-9999,-9999,-9999,436,153,0,29,0,77,842,332,1966,1491,385,970,0,0,29,7,2,7,92,44,186,112,2,9,0,114,287,103,0,1,32,0,68,71,70,74,31.87,20.36,7.17,21.23,4.8,15.9,-5,20.8,1147,432,12.9,36.7,619,1251,4812,35,145,153,270,117,308,-30.3,30.7,-9999,504,33,71,80.63,517,7.76466651821937
"140",165,"NF",48.3,-54.2,46,"MN",75,88,12,2,"NFLD",48.3,-54.2,46,-0.1,5.9,18.9,11.4,-7.8,-2.2,9.3,3.4,-3.9,1.8,14.1,7.4,323,248,265,312,-9999,-9999,-9999,-9999,436,153,0,29,0,77,842,332,1966,1491,385,970,0,0,29,7,2,7,92,44,186,112,2,9,0,114,287,103,0,1,32,0,68,71,70,74,31.87,20.36,7.17,21.23,4.8,15.9,-5,20.8,1147,432,12.9,36.7,619,1251,4812,35,145,153,270,117,308,-30.3,30.7,-9999,504,33,71,80.63,517,7.76466651821937
"141",165,"NF",48.3,-54.2,46,"IN",0,NA,21,NA,"NFLD",48.3,-54.2,46,-0.1,5.9,18.9,11.4,-7.8,-2.2,9.3,3.4,-3.9,1.8,14.1,7.4,323,248,265,312,-9999,-9999,-9999,-9999,436,153,0,29,0,77,842,332,1966,1491,385,970,0,0,29,7,2,7,92,44,186,112,2,9,0,114,287,103,0,1,32,0,68,71,70,74,31.87,20.36,7.17,21.23,4.8,15.9,-5,20.8,1147,432,12.9,36.7,619,1251,4812,35,145,153,270,117,308,-30.3,30.7,-9999,504,33,71,80.63,517,7.76466651821937
"142",166,"QU",46.6,-71.4,91,"IN",0,NA,7,NA,"QUE",46.6,-71.4,91,-5.3,8.8,23.5,11.5,-15.1,-1.9,11.7,2.3,-10.2,3.4,17.6,6.9,246,220,319,279,-9999,-9999,-9999,-9999,930,177,0,61,2,233,1164,358,2530,1344,146,1019,0,7,114,9,0,29,92,40,239,75,0,23,0,156,362,121,0,20,42,0,59,62,64,69,24.63,13.55,4.47,16.75,4.4,19.1,-11.6,30.7,1065,502,13.6,38,1168,1757,5040,130,161,140,270,130,337,-38.1,35.7,-9999,638,62,64,59.4,890,7.27651062624819
"143",166,"QU",46.6,-71.4,91,"OH",57,138,19,8,"QUE",46.6,-71.4,91,-5.3,8.8,23.5,11.5,-15.1,-1.9,11.7,2.3,-10.2,3.4,17.6,6.9,246,220,319,279,-9999,-9999,-9999,-9999,930,177,0,61,2,233,1164,358,2530,1344,146,1019,0,7,114,9,0,29,92,40,239,75,0,23,0,156,362,121,0,20,42,0,59,62,64,69,24.63,13.55,4.47,16.75,4.4,19.1,-11.6,30.7,1065,502,13.6,38,1168,1757,5040,130,161,140,270,130,337,-38.1,35.7,-9999,638,62,64,59.4,890,7.27651062624819
"144",166,"QU",46.6,-71.4,91,"MI",48,53,0,7,"QUE",46.6,-71.4,91,-5.3,8.8,23.5,11.5,-15.1,-1.9,11.7,2.3,-10.2,3.4,17.6,6.9,246,220,319,279,-9999,-9999,-9999,-9999,930,177,0,61,2,233,1164,358,2530,1344,146,1019,0,7,114,9,0,29,92,40,239,75,0,23,0,156,362,121,0,20,42,0,59,62,64,69,24.63,13.55,4.47,16.75,4.4,19.1,-11.6,30.7,1065,502,13.6,38,1168,1757,5040,130,161,140,270,130,337,-38.1,35.7,-9999,638,62,64,59.4,890,7.27651062624819
"145",166,"QU",46.6,-71.4,91,"WI",12,7,71,NA,"QUE",46.6,-71.4,91,-5.3,8.8,23.5,11.5,-15.1,-1.9,11.7,2.3,-10.2,3.4,17.6,6.9,246,220,319,279,-9999,-9999,-9999,-9999,930,177,0,61,2,233,1164,358,2530,1344,146,1019,0,7,114,9,0,29,92,40,239,75,0,23,0,156,362,121,0,20,42,0,59,62,64,69,24.63,13.55,4.47,16.75,4.4,19.1,-11.6,30.7,1065,502,13.6,38,1168,1757,5040,130,161,140,270,130,337,-38.1,35.7,-9999,638,62,64,59.4,890,7.27651062624819
"146",166,"QU",46.6,-71.4,91,"MN",67,103,0,5,"QUE",46.6,-71.4,91,-5.3,8.8,23.5,11.5,-15.1,-1.9,11.7,2.3,-10.2,3.4,17.6,6.9,246,220,319,279,-9999,-9999,-9999,-9999,930,177,0,61,2,233,1164,358,2530,1344,146,1019,0,7,114,9,0,29,92,40,239,75,0,23,0,156,362,121,0,20,42,0,59,62,64,69,24.63,13.55,4.47,16.75,4.4,19.1,-11.6,30.7,1065,502,13.6,38,1168,1757,5040,130,161,140,270,130,337,-38.1,35.7,-9999,638,62,64,59.4,890,7.27651062624819
"147",167,"NB",46,-66.4,61,"OH",46,70,16,8,"N BRUNS",46,-66.4,61,-3,9.3,23.7,12.8,-13.6,-2,11.2,2.2,-8.3,3.6,17.4,7.5,277,227,249,285,-9999,-9999,-9999,-9999,771,144,0,44,2,211,1145,376,2360,1319,160,968,0,5,108,10,1,26,92,37,258,68,0,14,0,158,373,133,0,21,124,0,56,61,62,65,27.71,13.97,-3.37,15.94,5.1,19,-9.5,28.5,1038,415,14.5,45.7,959,1734,4808,123,155,144,268,124,340,-36.6,35.7,-9999,663,145,61,54.25,868,7.11334736827744
"148",167,"NB",46,-66.4,61,"WI",0,NA,71,NA,"N BRUNS",46,-66.4,61,-3,9.3,23.7,12.8,-13.6,-2,11.2,2.2,-8.3,3.6,17.4,7.5,277,227,249,285,-9999,-9999,-9999,-9999,771,144,0,44,2,211,1145,376,2360,1319,160,968,0,5,108,10,1,26,92,37,258,68,0,14,0,158,373,133,0,21,124,0,56,61,62,65,27.71,13.97,-3.37,15.94,5.1,19,-9.5,28.5,1038,415,14.5,45.7,959,1734,4808,123,155,144,268,124,340,-36.6,35.7,-9999,663,145,61,54.25,868,7.11334736827744
"149",167,"NB",46,-66.4,61,"IN",11,17,15,NA,"N BRUNS",46,-66.4,61,-3,9.3,23.7,12.8,-13.6,-2,11.2,2.2,-8.3,3.6,17.4,7.5,277,227,249,285,-9999,-9999,-9999,-9999,771,144,0,44,2,211,1145,376,2360,1319,160,968,0,5,108,10,1,26,92,37,258,68,0,14,0,158,373,133,0,21,124,0,56,61,62,65,27.71,13.97,-3.37,15.94,5.1,19,-9.5,28.5,1038,415,14.5,45.7,959,1734,4808,123,155,144,268,124,340,-36.6,35.7,-9999,663,145,61,54.25,868,7.11334736827744
"150",167,"NB",46,-66.4,61,"MN",74,109,10,5,"N BRUNS",46,-66.4,61,-3,9.3,23.7,12.8,-13.6,-2,11.2,2.2,-8.3,3.6,17.4,7.5,277,227,249,285,-9999,-9999,-9999,-9999,771,144,0,44,2,211,1145,376,2360,1319,160,968,0,5,108,10,1,26,92,37,258,68,0,14,0,158,373,133,0,21,124,0,56,61,62,65,27.71,13.97,-3.37,15.94,5.1,19,-9.5,28.5,1038,415,14.5,45.7,959,1734,4808,123,155,144,268,124,340,-36.6,35.7,-9999,663,145,61,54.25,868,7.11334736827744
"151",167,"NB",46,-66.4,61,"MI",74,68,0,8,"N BRUNS",46,-66.4,61,-3,9.3,23.7,12.8,-13.6,-2,11.2,2.2,-8.3,3.6,17.4,7.5,277,227,249,285,-9999,-9999,-9999,-9999,771,144,0,44,2,211,1145,376,2360,1319,160,968,0,5,108,10,1,26,92,37,258,68,0,14,0,158,373,133,0,21,124,0,56,61,62,65,27.71,13.97,-3.37,15.94,5.1,19,-9.5,28.5,1038,415,14.5,45.7,959,1734,4808,123,155,144,268,124,340,-36.6,35.7,-9999,663,145,61,54.25,868,7.11334736827744
